Pallet_ID,Time,Date,latitude,longitude,timestamp
Y0623,08:00:00,05-09-2024,41.79556685,-87.5753315,00:00.0
S21000,08:10:54,05-09-2024,40.58461811,-73.84556975,10:54.1
A8624,08:21:08,05-09-2024,41.9968645,-87.82919859,21:07.6
I21001,08:32:42,05-09-2024,40.5765736,-74.30772215,32:42.3
Q11002,08:43:36,05-09-2024,40.55157977,-74.20695895,43:36.4
X01350,08:45:00,05-09-2024,45.38862433,-122.7377725,45:00.0
S61003,08:54:31,05-09-2024,40.97174859,-73.8864506,54:30.6
H7625,09:03:23,05-09-2024,41.70198369,-88.17350975,03:22.7
B71351,09:05:24,05-09-2024,45.6031208,-122.4398591,05:24.0
G8626,09:13:56,05-09-2024,42.04326553,-88.18622045,13:56.4
J21004,09:16:19,05-09-2024,40.85631937,-73.97172773,16:18.8
E71630,09:20:16,05-09-2024,39.96931564,-75.35145456,20:15.5
G4250,09:30:00,05-09-2024,32.59424501,-117.0124843,30:00.0
X01352,09:36:00,05-09-2024,45.35023811,-122.2618848,36:00.0
J2251,09:41:04,05-09-2024,32.49520714,-117.3656593,41:04.4
D0627,09:45:38,05-09-2024,41.69283772,-89.20863951,45:37.8
B11353,09:46:12,05-09-2024,45.60385061,-122.1197577,46:12.0
N41005,09:49:01,05-09-2024,40.7620188,-74.19943133,49:01.1
I51631,09:51:02,05-09-2024,39.68998387,-75.18844637,51:02.1
U4252,09:52:09,05-09-2024,32.83948706,-117.0337448,52:08.8
F5628,09:56:12,05-09-2024,41.72786308,-89.71743843,56:11.6
V41006,09:59:55,05-09-2024,40.75556055,-74.27596548,59:55.2
R3777,10:05:12,05-09-2024,47.47528875,-122.316031,05:11.7
N51354,10:06:36,05-09-2024,45.46579739,-121.8333562,06:36.0
D51632,10:11:33,05-09-2024,40.04014447,-75.20938068,11:33.1
T7253,10:14:18,05-09-2024,32.96297335,-117.1786855,14:17.6
Z8778,10:15:18,05-09-2024,47.44815404,-122.3643519,15:17.6
W61355,10:16:48,05-09-2024,45.84393547,-121.7336845,16:48.0
F3629,10:17:19,05-09-2024,41.49349215,-90.21253856,17:19.1
R41007,10:21:43,05-09-2024,40.76132317,-74.44873139,21:43.4
A11633,10:21:49,05-09-2024,40.05541873,-75.25754141,21:48.7
Z5254,10:25:22,05-09-2024,32.85159766,-116.8963555,25:22.0
G2779,10:25:23,05-09-2024,47.78691346,-122.1409216,25:23.4
B31356,10:27:00,05-09-2024,45.63828173,-121.8366419,26:59.9
F7630,10:27:53,05-09-2024,41.51364058,-90.2176254,27:52.9
P31634,10:32:04,05-09-2024,39.86015199,-75.4262416,32:04.2
Y0780,10:35:29,05-09-2024,47.48783273,-121.795442,35:29.3
B9255,10:36:26,05-09-2024,32.62518202,-116.558979,36:26.4
D0631,10:38:27,05-09-2024,41.70447471,-90.30309071,38:26.7
U4781,10:45:35,05-09-2024,47.48376253,-121.8715449,45:35.2
N8256,10:47:31,05-09-2024,32.77587049,-116.5351439,47:30.8
J51635,10:52:35,05-09-2024,39.61828159,-75.5695779,52:35.2
I7257,10:58:35,05-09-2024,32.94409593,-116.3884891,58:35.2
E5632,10:59:34,05-09-2024,41.37068457,-90.14467823,59:34.2
M11008,11:05:20,05-09-2024,40.92279424,-74.95014898,05:19.9
U91357,11:07:48,05-09-2024,45.88613647,-121.5473435,07:47.9
Z5258,11:09:40,05-09-2024,32.81596858,-116.6696099,09:39.6
J1633,11:10:08,05-09-2024,41.43467184,-90.40836176,10:08.0
T21358,11:18:00,05-09-2024,45.58212295,-121.1274859,17:59.9
Z7634,11:20:42,05-09-2024,41.84579721,-90.74364448,20:41.8
F61636,11:23:22,05-09-2024,39.82698189,-75.92433168,23:21.8
M7782,11:25:59,05-09-2024,47.38684161,-121.687217,25:58.6
S1259,11:31:48,05-09-2024,32.81935397,-116.6542685,31:48.4
I2783,11:36:04,05-09-2024,47.64335168,-121.355172,36:04.5
X91009,11:38:02,05-09-2024,40.8108636,-75.05129753,38:02.2
G8635,11:41:49,05-09-2024,41.61575583,-91.42630342,41:49.3
D8260,11:42:53,05-09-2024,32.73836011,-116.0889333,42:52.8
C91637,11:43:53,05-09-2024,39.22551484,-76.36772396,43:52.8
B3784,11:46:10,05-09-2024,47.37990668,-121.2666713,46:10.3
C11010,11:48:56,05-09-2024,40.91212685,-74.92004697,48:56.3
S5636,11:52:23,05-09-2024,41.52714575,-91.30082807,52:23.1
P0261,11:53:57,05-09-2024,32.56591239,-116.2457177,53:57.2
P91359,11:58:48,05-09-2024,45.71797783,-120.8417104,58:47.9
F4637,12:02:57,05-09-2024,41.89786136,-91.46135529,02:56.9
J71638,12:14:39,05-09-2024,39.61071982,-76.33930934,14:39.4
L0785,12:16:28,05-09-2024,47.19041724,-121.1009764,16:27.9
K91360,12:19:12,05-09-2024,45.59777034,-119.7698566,19:11.9
A9638,12:24:04,05-09-2024,41.68284009,-91.88166617,24:04.5
F0639,12:34:38,05-09-2024,41.7641725,-92.02163982,34:38.2
R1786,12:36:40,05-09-2024,47.37538104,-120.9844169,36:39.6
D3262,12:38:15,05-09-2024,32.9847107,-116.0209814,38:14.8
W2787,12:46:45,05-09-2024,46.87805663,-120.8218839,46:45.5
N6263,12:49:19,05-09-2024,32.61773681,-115.4030125,49:19.2
P21011,12:54:21,05-09-2024,41.26860852,-75.70087176,54:21.0
G81639,12:55:42,05-09-2024,39.25457612,-76.67792465,55:41.5
P4640,12:55:46,05-09-2024,41.71554646,-92.40343422,55:45.8
C71205,13:00:00,05-09-2024,30.43053101,-97.64475235,00:00.0
R9264,13:00:24,05-09-2024,32.6556687,-114.6627766,00:23.6
Z6641,13:06:20,05-09-2024,41.62379996,-92.915863,06:19.6
K2788,13:06:57,05-09-2024,46.90100108,-120.6893357,06:57.2
T4874,13:07:58,05-09-2024,33.89372295,-84.34184367,07:57.5
S81206,13:10:04,05-09-2024,30.44877833,-97.96352955,10:04.2
N11361,13:10:12,05-09-2024,45.73679536,-118.4064654,10:11.9
R81640,13:16:13,05-09-2024,39.33634271,-76.82511849,16:12.6
H11362,13:20:24,05-09-2024,45.75099458,-118.3469032,20:23.9
K3265,13:22:32,05-09-2024,32.77455808,-114.4200842,22:32.3
P11207,13:30:12,05-09-2024,30.31008145,-98.03367628,30:12.5
I81363,13:30:36,05-09-2024,45.52458188,-118.3151807,30:35.8
C1875,13:30:55,05-09-2024,33.97250349,-84.46757062,30:55.0
W4266,13:33:37,05-09-2024,32.86636192,-114.4090247,33:36.7
E2642,13:38:01,05-09-2024,41.79450835,-93.5839671,38:00.9
O01208,13:40:17,05-09-2024,30.25523797,-98.04938926,40:16.6
H61364,13:40:48,05-09-2024,45.21630296,-118.4501934,40:47.8
G2876,13:42:24,05-09-2024,33.99409689,-84.67836742,42:23.8
W9267,13:44:41,05-09-2024,32.80145889,-114.3387139,44:41.1
T21641,13:46:59,05-09-2024,39.54272523,-77.24448026,46:59.1
C6789,13:47:21,05-09-2024,46.57010217,-120.3981481,47:20.7
L2643,13:48:35,05-09-2024,41.82991224,-93.66405722,48:34.7
T91365,13:51:00,05-09-2024,45.57439951,-118.2404881,50:59.8
U2877,13:53:53,05-09-2024,33.94205328,-84.71211715,53:52.6
K3268,13:55:46,05-09-2024,32.65677888,-114.3639676,55:45.5
Q41642,13:57:15,05-09-2024,39.28977417,-77.41143364,57:14.6
Q8790,13:57:27,05-09-2024,46.57177193,-120.2208287,57:26.5
L61012,13:59:46,05-09-2024,40.8034104,-76.79088683,59:45.6
Z61500,14:05:00,05-09-2024,33.94342293,-84.33413986,05:00.0
A4878,14:05:21,05-09-2024,34.00388898,-84.85672597,05:21.3
T6269,14:06:50,05-09-2024,32.69321258,-113.9167312,06:49.9
I81643,14:07:30,05-09-2024,39.3683688,-77.40764348,07:30.2
B51013,14:10:40,05-09-2024,41.16594064,-77.16871099,10:39.7
V01366,14:11:24,05-09-2024,45.50061839,-117.8396063,11:23.8
Y0879,14:16:50,05-09-2024,34.48848459,-84.78131388,16:50.1
P0270,14:17:54,05-09-2024,32.93397371,-113.6767578,17:54.3
I51209,14:20:33,05-09-2024,30.07731135,-97.9141734,20:33.3
C01014,14:21:34,05-09-2024,41.08266499,-77.28673237,21:33.9
P9791,14:27:44,05-09-2024,46.0030957,-119.5884671,27:44.1
W61644,14:28:01,05-09-2024,39.50872067,-77.99928724,28:01.2
U4880,14:28:19,05-09-2024,34.16970733,-84.92494134,28:18.8
J4271,14:28:59,05-09-2024,32.8470065,-113.3913006,28:58.7
P51210,14:30:37,05-09-2024,29.98514674,-98.30392381,30:37.4
J2644,14:30:50,05-09-2024,41.62884813,-94.59130666,30:49.8
B81015,14:32:28,05-09-2024,41.29385943,-77.48534398,32:28.0
Z9272,14:40:03,05-09-2024,33.14806913,-112.8487001,40:03.1
S01016,14:43:22,05-09-2024,41.27790799,-77.4983375,43:22.1
U91645,14:48:32,05-09-2024,38.95158547,-77.70425882,48:32.3
N6273,14:51:08,05-09-2024,33.08702566,-112.5324458,51:07.5
O2645,14:51:57,05-09-2024,41.50889294,-95.24668023,51:57.4
L3792,14:58:02,05-09-2024,45.99900433,-119.234034,58:01.7
K3274,15:02:12,05-09-2024,32.69031722,-112.4697219,02:11.9
O61367,15:02:24,05-09-2024,44.43280246,-117.3276916,02:23.8
F4646,15:02:31,05-09-2024,41.39913673,-95.34648322,02:31.1
U31211,15:10:54,05-09-2024,29.96966635,-98.31673479,10:54.1
U21368,15:12:36,05-09-2024,44.25071436,-117.1012927,12:35.8
G1647,15:13:05,05-09-2024,41.511515,-95.16246401,13:04.9
X4275,15:13:16,05-09-2024,33.07909768,-112.4934483,13:16.3
N71017,15:16:04,05-09-2024,41.09129445,-77.74071533,16:04.4
Z81501,15:16:20,05-09-2024,34.04761592,-84.78510192,16:19.5
U21646,15:19:19,05-09-2024,39.07397108,-77.91877553,19:18.8
A1648,15:23:39,05-09-2024,41.66592474,-95.57028669,23:38.7
K7881,15:25:43,05-09-2024,35.06474285,-84.97056281,25:42.6
X61018,15:26:59,05-09-2024,41.06739227,-78.21390323,26:58.5
V5793,15:28:19,05-09-2024,45.6397736,-118.4395198,28:19.3
T0649,15:34:12,05-09-2024,41.4129131,-95.711004,34:12.5
M6276,15:35:25,05-09-2024,32.67783947,-111.6219615,35:25.1
K4882,15:37:11,05-09-2024,34.86179406,-85.23200706,37:11.4
U31019,15:37:53,05-09-2024,41.02883179,-78.45490349,37:52.6
L41647,15:39:50,05-09-2024,38.87457807,-78.2283738,39:49.9
R81212,15:41:07,05-09-2024,30.23180297,-98.27596775,41:06.6
R2650,15:44:46,05-09-2024,41.24413533,-95.88623081,44:46.3
S9277,15:46:30,05-09-2024,32.78010903,-111.3161402,46:29.5
C81502,15:46:54,05-09-2024,34.25062047,-84.68126517,46:53.6
P3794,15:48:31,05-09-2024,45.6805556,-118.3410474,48:31.0
T11648,15:50:05,05-09-2024,39.11630423,-78.41233102,50:05.4
R31213,15:51:11,05-09-2024,30.04501133,-98.32183602,51:10.7
F9651,15:55:20,05-09-2024,41.47604138,-95.87186775,55:20.0
P1278,15:57:34,05-09-2024,32.8672186,-111.4167425,57:33.9
K31020,15:59:41,05-09-2024,40.87428614,-78.66358718,59:40.8
B7883,16:00:09,05-09-2024,34.99787092,-85.52405359,00:08.9
P61649,16:00:21,05-09-2024,38.76808831,-78.44104657,00:20.9
G4652,16:05:54,05-09-2024,41.18156395,-96.0729376,05:53.8
J21650,16:10:36,05-09-2024,39.04011489,-78.36020855,10:36.4
S2884,16:11:38,05-09-2024,35.03253156,-85.3586461,11:37.7
Q0653,16:16:28,05-09-2024,41.34720923,-95.89438886,16:27.6
S51214,16:21:23,05-09-2024,30.40000666,-98.74488439,21:23.2
S21021,16:21:29,05-09-2024,41.01335898,-78.90606264,21:29.1
S8885,16:23:06,05-09-2024,34.93539697,-85.6100412,23:06.4
X01369,16:24:00,05-09-2024,43.73896592,-116.7123771,23:59.8
O9279,16:30:47,05-09-2024,32.18697738,-110.8154865,30:47.1
T11651,16:31:07,05-09-2024,38.62562532,-78.46161885,31:07.5
E0654,16:37:35,05-09-2024,41.03060026,-96.16382922,37:35.1
P91652,16:41:23,05-09-2024,38.42542201,-78.8149385,41:23.0
I4280,16:41:52,05-09-2024,32.16192498,-110.9191211,41:51.5
E61022,16:43:17,05-09-2024,41.40866208,-78.99031048,43:17.3
F51370,16:44:24,05-09-2024,43.48153884,-116.5184315,44:23.7
T41503,16:48:02,05-09-2024,34.83167743,-85.19445524,48:01.7
Y51215,16:51:36,05-09-2024,30.08497633,-99.14626669,51:35.7
Q51653,16:51:39,05-09-2024,38.51148518,-78.63107537,51:38.5
Z1281,16:52:56,05-09-2024,32.11110578,-110.8082702,52:55.9
L8886,16:57:33,05-09-2024,35.27396972,-85.90471931,57:32.7
S31504,16:58:13,05-09-2024,34.98107699,-85.26108236,58:13.1
Y5655,16:58:43,05-09-2024,40.85927765,-96.16299946,58:42.7
K1282,17:04:00,05-09-2024,32.15540216,-110.7109188,04:00.3
Z01371,17:04:48,05-09-2024,43.42294669,-115.8749345,04:47.7
X51023,17:05:06,05-09-2024,41.32631821,-79.06140429,05:05.5
G6656,17:09:16,05-09-2024,40.9159338,-96.45539659,09:16.5
U2283,17:15:05,05-09-2024,32.16615174,-110.6138893,15:04.7
G91024,17:16:00,05-09-2024,41.39377293,-79.14863573,15:59.6
Z9795,17:19:24,05-09-2024,44.81889406,-117.9951147,19:23.7
Y7657,17:19:50,05-09-2024,40.90936737,-96.58852187,19:50.3
Z31372,17:25:12,05-09-2024,42.84825389,-115.4752776,25:11.7
H51505,17:28:47,05-09-2024,34.93312591,-85.22213604,28:47.1
J3796,17:29:30,05-09-2024,44.72348726,-117.4748583,29:29.6
C31654,17:32:41,05-09-2024,38.45337157,-79.13749182,32:40.6
Z31373,17:35:24,05-09-2024,42.75756148,-115.3541714,35:23.7
F6284,17:37:13,05-09-2024,32.03423356,-110.7114247,37:13.5
V11025,17:37:48,05-09-2024,41.33332204,-79.61617664,37:47.8
G51655,17:42:56,05-09-2024,38.37731291,-78.88740924,42:56.2
W0887,17:43:28,05-09-2024,35.91203484,-86.59329367,43:27.8
S9285,17:48:18,05-09-2024,31.82383023,-110.5984951,48:17.9
U81506,17:49:10,05-09-2024,34.82467999,-85.48112173,49:09.9
F4658,17:51:32,05-09-2024,40.57700398,-96.95807783,51:31.6
K01507,17:59:21,05-09-2024,34.78923998,-85.47817455,59:21.2
O9286,17:59:22,05-09-2024,32.06600412,-110.4359683,59:22.3
F0659,18:02:05,05-09-2024,40.71588564,-97.1756118,02:05.4
K81656,18:03:27,05-09-2024,37.88822013,-79.32724028,03:27.2
E3888,18:06:25,05-09-2024,36.41813886,-86.98468282,06:25.3
K0287,18:10:27,05-09-2024,31.77670518,-110.3112408,10:26.7
W71657,18:13:43,05-09-2024,38.16290158,-79.13092185,13:42.7
P3889,18:17:54,05-09-2024,36.32720151,-87.08722097,17:54.0
O61508,18:19:44,05-09-2024,35.3688922,-86.03012086,19:43.9
I3797,18:19:59,05-09-2024,44.08581274,-117.1329836,19:58.9
W7288,18:21:31,05-09-2024,31.86995546,-109.8127242,21:31.1
M5660,18:23:13,05-09-2024,40.58204228,-98.12215057,23:12.9
G21658,18:23:58,05-09-2024,37.78654168,-79.23654952,23:58.2
Z11374,18:26:24,05-09-2024,43.02771725,-114.7989611,26:23.7
P5890,18:29:23,05-09-2024,36.30569757,-87.05294407,29:22.8
X7798,18:30:05,05-09-2024,44.26582096,-117.022453,30:04.7
Y5289,18:32:35,05-09-2024,32.44535216,-109.9673646,32:35.5
E21659,18:34:14,05-09-2024,37.88999923,-79.16015239,34:13.8
Q4891,18:40:52,05-09-2024,36.55139513,-87.38858534,40:51.6
H01026,18:43:12,05-09-2024,41.41236675,-80.42310381,43:12.5
M1290,18:43:40,05-09-2024,32.53990095,-109.6098825,43:39.9
P9661,18:44:20,05-09-2024,40.89069218,-98.18682932,44:20.5
N11375,18:46:48,05-09-2024,42.49147631,-114.7865031,46:47.7
W9799,18:50:16,05-09-2024,43.96067546,-116.6358613,50:16.5
X7892,18:52:20,05-09-2024,36.62614898,-87.39500929,52:20.3
K21027,18:54:07,05-09-2024,41.05480486,-80.54407679,54:06.6
X41660,18:54:45,05-09-2024,37.4680109,-79.59809837,54:44.8
J9662,18:54:54,05-09-2024,40.47919523,-98.58942824,54:54.3
W21376,18:57:00,05-09-2024,42.42899371,-114.4927066,56:59.7
B9291,19:05:49,05-09-2024,32.23768903,-109.3459475,05:48.7
J71377,19:07:12,05-09-2024,42.6350177,-114.3062153,07:11.7
K3800,19:10:28,05-09-2024,43.5266086,-116.4528841,10:28.2
Y01509,19:10:41,05-09-2024,35.74161858,-86.62861992,10:40.7
V2893,19:15:18,05-09-2024,36.6575445,-87.81698328,15:17.8
X41028,19:15:55,05-09-2024,41.04307971,-80.81739414,15:54.8
F0663,19:16:02,05-09-2024,40.55585497,-99.07624867,16:01.8
J0292,19:16:53,05-09-2024,32.05449361,-109.4642047,16:53.1
N11378,19:17:24,05-09-2024,42.42461681,-113.9171785,17:23.7
H3801,19:20:34,05-09-2024,43.76711152,-116.6627498,20:34.0
F31510,19:20:52,05-09-2024,36.21871397,-86.79995756,20:52.1
W31216,19:22:38,05-09-2024,30.97684124,-102.1024921,22:38.1
J8664,19:26:36,05-09-2024,40.71701139,-99.33935133,26:35.6
R9894,19:26:47,05-09-2024,36.81910324,-88.0443326,26:46.6
Y41029,19:26:49,05-09-2024,41.38559186,-80.87836979,26:48.9
J6802,19:30:40,05-09-2024,43.70040356,-116.1869819,30:39.9
K71511,19:31:03,05-09-2024,35.91140685,-86.92912301,31:03.4
Q21217,19:32:42,05-09-2024,31.07674944,-102.3189283,32:42.3
L9665,19:37:09,05-09-2024,40.73443876,-99.84158965,37:09.4
N61030,19:37:43,05-09-2024,41.28026913,-81.3148768,37:43.0
J9293,19:39:02,05-09-2024,32.15427138,-108.7880024,39:01.9
G8803,19:40:46,05-09-2024,43.64212411,-116.0743717,40:45.8
A91512,19:41:15,05-09-2024,36.1601297,-86.69129362,41:14.8
X91661,19:46:02,05-09-2024,37.34284908,-79.87799618,46:02.4
U81379,19:48:00,05-09-2024,42.74891994,-113.5929815,47:59.6
X3895,19:49:44,05-09-2024,37.15589658,-88.25088462,49:44.1
A0294,19:50:06,05-09-2024,32.29168822,-108.4771057,50:06.3
R5804,19:50:52,05-09-2024,43.56515497,-116.0421544,50:51.6
O01662,19:56:18,05-09-2024,37.14848233,-80.06641295,56:18.0
U51031,19:59:31,05-09-2024,41.21055001,-81.23495012,59:31.3
X4805,20:00:57,05-09-2024,42.93444446,-115.7079471,00:57.5
U4295,20:01:11,05-09-2024,32.009912,-108.4702964,01:10.7
L7896,20:01:13,05-09-2024,37.11056713,-88.27914845,01:12.9
P11513,20:01:38,05-09-2024,36.34727481,-87.08148538,01:37.5
W3666,20:08:51,05-09-2024,40.90515115,-100.1222829,08:50.7
A0806,20:11:03,05-09-2024,42.81658877,-115.3833086,11:03.4
W01514,20:11:49,05-09-2024,36.52591911,-86.83706271,11:48.9
M3897,20:12:42,05-09-2024,37.22463034,-88.46373903,12:41.7
E11218,20:12:59,05-09-2024,30.78263957,-103.6643005,12:58.9
X1667,20:19:24,05-09-2024,41.08779763,-100.5842456,19:24.5
H9296,20:23:19,05-09-2024,32.21716168,-107.5129069,23:19.5
T3898,20:24:10,05-09-2024,36.80143797,-88.28030514,24:10.4
S61380,20:28:48,05-09-2024,42.08999548,-112.8357112,28:47.6
Q61515,20:32:12,05-09-2024,36.74746859,-87.28300486,32:11.6
P91219,20:33:07,05-09-2024,31.11674234,-104.2407668,33:07.2
J3297,20:34:24,05-09-2024,32.10827284,-107.5666732,34:23.8
L0899,20:35:39,05-09-2024,36.97347452,-88.56198699,35:39.2
O91663,20:37:20,05-09-2024,37.40344133,-80.48828588,37:20.0
P21381,20:39:00,05-09-2024,42.00690485,-112.6972762,38:59.6
O9668,20:40:32,05-09-2024,40.94929963,-101.4004743,40:32.1
S8807,20:41:21,05-09-2024,42.74414531,-115.4850045,41:20.9
Z91516,20:42:23,05-09-2024,36.6244984,-87.48881309,42:22.9
X1298,20:45:28,05-09-2024,32.28188236,-107.5285641,45:28.2
X7900,20:47:08,05-09-2024,36.89147,-88.44387961,47:07.9
G81382,20:49:12,05-09-2024,41.68211379,-112.7171479,49:11.6
M6669,20:51:06,05-09-2024,41.19232505,-101.5941551,51:05.8
Q1808,20:51:27,05-09-2024,42.76693622,-115.2448006,51:26.8
V11032,20:54:02,05-09-2024,41.12931441,-82.45549687,54:01.8
U7299,20:56:33,05-09-2024,32.48732903,-107.0432684,56:32.6
S5901,20:58:37,05-09-2024,37.20739485,-88.85310851,58:36.7
X4809,21:01:33,05-09-2024,42.68533211,-115.1336285,01:32.7
M41517,21:02:46,05-09-2024,37.07957682,-87.70636151,02:45.7
M41220,21:03:20,05-09-2024,31.27401395,-104.5223964,03:19.7
E7300,21:07:37,05-09-2024,32.40796719,-106.9978694,07:37.0
Y71383,21:09:36,05-09-2024,41.78067758,-111.9198658,09:35.6
S31664,21:18:22,05-09-2024,37.00413378,-80.51046281,18:22.1
O9301,21:18:41,05-09-2024,32.48752736,-106.7106051,18:41.4
C71384,21:19:48,05-09-2024,41.5097128,-112.1331736,19:47.6
W5902,21:21:34,05-09-2024,37.0152941,-88.87203392,21:34.2
A0670,21:22:47,05-09-2024,41.2521926,-102.307925,22:47.2
P01518,21:23:08,05-09-2024,37.02973835,-87.97559771,23:08.4
R01221,21:23:28,05-09-2024,30.85689407,-104.9043727,23:28.0
N31033,21:26:44,05-09-2024,41.48903451,-82.97827087,26:44.2
U3302,21:29:46,05-09-2024,32.20838849,-106.756123,29:45.8
B9903,21:33:03,05-09-2024,37.43249379,-88.93563433,33:03.0
K21034,21:37:38,05-09-2024,41.47667161,-83.55324243,37:38.3
L11665,21:38:53,05-09-2024,36.82714041,-81.18341335,38:53.2
N7303,21:40:50,05-09-2024,31.80300577,-106.8044831,40:50.2
A3810,21:41:56,05-09-2024,42.54704463,-114.3618054,41:56.1
J9671,21:43:55,05-09-2024,41.24462757,-102.7487396,43:54.7
U4904,21:44:32,05-09-2024,37.50323474,-88.73858027,44:31.7
N71035,21:48:32,05-09-2024,41.43515668,-83.55800294,48:32.4
R8304,21:51:55,05-09-2024,31.99971786,-106.5235752,51:54.6
E6811,21:52:02,05-09-2024,42.69233643,-114.6664391,52:02.0
C1905,21:56:00,05-09-2024,37.73788101,-89.1812548,56:00.5
W01036,21:59:26,05-09-2024,41.65571336,-83.82848968,59:26.5
R2812,22:02:08,05-09-2024,42.24934057,-114.551922,02:07.8
O4305,22:02:59,05-09-2024,32.00557017,-106.2662122,02:59.0
F7906,22:07:29,05-09-2024,37.76188863,-89.13855989,07:29.3
M61385,22:10:48,05-09-2024,41.08668997,-111.7450981,10:47.6
F2813,22:12:14,05-09-2024,42.16826656,-114.6177345,12:13.7
T0306,22:14:03,05-09-2024,31.61625639,-106.5598945,14:03.4
M3672,22:15:36,05-09-2024,41.4031765,-103.6670864,15:36.1
S3907,22:18:58,05-09-2024,37.89718889,-88.95938477,18:58.0
L41666,22:19:55,05-09-2024,36.84780517,-81.35731117,19:55.3
J41667,22:30:11,05-09-2024,36.76029514,-81.43455479,30:10.8
M31386,22:31:12,05-09-2024,41.06402233,-111.7228478,31:11.6
Q2307,22:36:12,05-09-2024,31.51650762,-106.3121547,36:12.2
J0673,22:36:44,05-09-2024,41.25852612,-104.2071137,36:43.6
O41387,22:41:24,05-09-2024,41.06755429,-111.3806211,41:23.6
X0908,22:41:56,05-09-2024,38.18997064,-89.10868394,41:55.5
F91222,22:44:01,05-09-2024,31.34167927,-105.9240389,44:01.3
J4308,22:47:17,05-09-2024,31.64409837,-106.1986392,47:16.6
V3674,22:47:17,05-09-2024,41.32203042,-104.5499717,47:17.4
E01668,22:50:42,05-09-2024,36.70878664,-81.52347417,50:41.8
W01388,22:51:36,05-09-2024,41.32622583,-111.0115802,51:35.6
N6909,22:53:24,05-09-2024,38.39491806,-88.99223762,53:24.3
T71037,22:53:57,05-09-2024,41.56116864,-84.65947647,53:57.0
J51519,22:54:51,05-09-2024,37.05256726,-88.67188879,54:50.6
C7675,22:57:51,05-09-2024,41.16279584,-104.8062161,57:51.2
L8309,22:58:21,05-09-2024,31.49872457,-105.8951572,58:21.0
Q71389,23:01:48,05-09-2024,41.17748928,-110.8697392,01:47.5
V01038,23:04:51,05-09-2024,41.49984731,-85.13280363,04:51.1
D6310,23:09:25,05-09-2024,31.53403179,-105.8435093,09:25.4
H51390,23:12:00,05-09-2024,41.17719669,-111.0014439,11:59.5
E8814,23:12:49,05-09-2024,41.67102406,-114.9734524,12:48.8
V6676,23:18:59,05-09-2024,41.20691052,-105.5835817,18:58.7
O3311,23:20:30,05-09-2024,31.33193471,-106.0225068,20:29.8
H11669,23:21:28,05-09-2024,36.91373854,-81.79134687,21:28.4
A51391,23:22:12,05-09-2024,41.20153576,-110.7852093,22:11.5
W21223,23:24:18,05-09-2024,31.65583211,-106.2578669,24:18.0
Y11520,23:25:25,05-09-2024,37.49497485,-88.91934364,25:24.7
O0677,23:29:33,05-09-2024,41.40711814,-105.200508,29:32.5
W0312,23:31:34,05-09-2024,31.38192031,-105.6821825,31:34.2
A81670,23:31:44,05-09-2024,36.93968742,-81.85016742,31:43.9
V01392,23:32:24,05-09-2024,41.42610645,-110.5988129,32:23.5
X1815,23:33:01,05-09-2024,41.53371213,-114.8992926,33:00.6
U21224,23:34:22,05-09-2024,31.86984062,-106.3304589,34:22.1
N4678,23:40:06,05-09-2024,41.39617861,-105.4195256,40:06.3
R81671,23:41:59,05-09-2024,36.4092418,-82.20245317,41:59.5
T1313,23:42:39,05-09-2024,31.15054258,-105.6463078,42:38.6
Y6816,23:43:06,05-09-2024,41.41563973,-114.9529399,43:06.4
C81225,23:44:26,05-09-2024,31.71802547,-106.4212099,44:26.3
I71039,23:48:28,05-09-2024,41.66298176,-85.90618287,48:27.6
C3817,23:53:12,05-09-2024,41.23795446,-115.0639937,53:12.3
W2314,23:53:43,05-09-2024,31.12340735,-105.2473377,53:43.0
Q01040,23:59:22,05-09-2024,41.58276673,-86.02672793,59:21.7
S3679,00:01:14,06-09-2024,41.4684123,-105.904828,01:13.8
Q2910,00:02:17,06-09-2024,38.59385154,-90.05703976,02:16.9
G91672,00:02:31,06-09-2024,36.79255282,-82.50203459,02:30.5
V91393,00:03:00,06-09-2024,41.57869416,-110.0682946,02:59.5
T81226,00:04:35,06-09-2024,31.88293922,-106.6440941,04:34.6
F3315,00:04:47,06-09-2024,31.14648011,-105.2786857,04:47.4
J71394,00:13:12,06-09-2024,41.78112285,-109.4252713,13:11.5
W1911,00:13:46,06-09-2024,38.47258123,-89.92949596,13:45.6
J11227,00:14:39,06-09-2024,32.31822737,-106.738483,14:38.8
O3316,00:15:52,06-09-2024,31.11276941,-104.8692096,15:51.8
Q81521,00:16:21,06-09-2024,37.97825279,-89.02207331,16:21.4
I31041,00:21:10,06-09-2024,41.59106718,-86.29231584,21:09.9
O11673,00:23:02,06-09-2024,36.24061335,-82.69804833,23:01.6
E51395,00:23:24,06-09-2024,41.72509841,-109.5186645,23:23.5
W6818,00:23:30,06-09-2024,40.54325472,-114.780518,23:29.9
Q3317,00:26:56,06-09-2024,30.84267198,-104.9049428,26:56.2
M31042,00:32:04,06-09-2024,41.8108189,-86.50248784,32:04.0
R81674,00:33:17,06-09-2024,36.24698072,-82.62099763,33:17.1
R5819,00:33:36,06-09-2024,40.18812583,-114.8763562,33:35.7
C3318,00:38:01,06-09-2024,31.06296525,-104.8269584,38:00.6
H11043,00:42:58,06-09-2024,41.82988445,-86.68819866,42:58.1
W3680,00:43:29,06-09-2024,41.53825623,-106.8776488,43:29.0
F71675,00:43:33,06-09-2024,36.23052043,-82.72803559,43:32.6
K31522,00:46:56,06-09-2024,38.11670936,-88.85202677,46:55.5
T4912,00:48:12,06-09-2024,38.92050038,-90.29209742,48:11.9
M6820,00:53:47,06-09-2024,39.98577325,-114.6502184,53:47.4
T91676,00:53:48,06-09-2024,36.33706944,-83.28168147,53:48.1
T81044,00:53:52,06-09-2024,41.61313837,-86.72485046,53:52.2
C1319,01:00:09,06-09-2024,31.28033098,-104.185665,00:09.4
Z6821,01:03:53,06-09-2024,39.993246,-114.8179947,03:53.3
E61523,01:07:18,06-09-2024,38.41859164,-89.15430396,07:18.2
G6913,01:11:09,06-09-2024,38.51456447,-90.30867558,11:09.4
M1320,01:11:14,06-09-2024,30.94385148,-104.4398889,11:13.8
U91396,01:14:23,06-09-2024,41.58694029,-108.1055029,14:23.5
H31228,01:15:04,06-09-2024,32.26127396,-107.9256642,15:03.7
R1321,01:22:18,06-09-2024,31.02721166,-104.2471982,22:18.2
F9914,01:22:38,06-09-2024,38.69176894,-90.37876115,22:38.2
C91677,01:24:35,06-09-2024,36.11393509,-83.74624028,24:34.7
Q31229,01:25:08,06-09-2024,32.24290775,-108.3099592,25:07.9
Z01524,01:27:41,06-09-2024,38.61273636,-89.48096314,27:40.9
B5322,01:33:23,06-09-2024,31.17505633,-104.222712,33:22.6
N4915,01:34:07,06-09-2024,38.74500709,-90.42570762,34:06.9
R6822,01:34:11,06-09-2024,39.40647957,-114.950711,34:10.9
U91045,01:37:29,06-09-2024,41.81439806,-87.12343615,37:28.7
R3777,01:44:17,06-09-2024,39.03358749,-114.8978707,44:16.7
B41397,01:44:59,06-09-2024,41.78878374,-107.1033426,44:59.5
F81678,01:45:06,06-09-2024,35.65095137,-84.21916449,45:05.7
M9916,01:45:36,06-09-2024,38.94001251,-90.66950915,45:35.7
J1681,01:46:52,06-09-2024,41.89419709,-109.0605863,46:51.6
E11525,01:48:04,06-09-2024,38.28551229,-89.63307894,48:03.7
Z8778,01:54:23,06-09-2024,39.39825025,-114.8733726,54:22.6
X61679,01:55:21,06-09-2024,35.61821161,-84.32934118,55:21.3
W9917,01:57:04,06-09-2024,39.04998683,-91.05860837,57:04.5
J4682,01:57:25,06-09-2024,41.83950277,-108.9572271,57:25.4
I91526,01:58:15,06-09-2024,38.77646509,-89.71758447,58:15.0
L91046,01:59:17,06-09-2024,41.61425527,-87.34015389,59:16.9
P7323,02:06:36,06-09-2024,31.03455711,-102.9666066,06:35.8
F2918,02:08:33,06-09-2024,38.56702383,-91.08938035,08:33.2
H61047,02:10:11,06-09-2024,41.49912274,-87.32232749,10:11.0
Q91230,02:15:29,06-09-2024,32.23866199,-109.3231629,15:28.7
Q0324,02:17:40,06-09-2024,30.74551069,-103.1299876,17:40.2
R1919,02:20:02,06-09-2024,38.95687548,-91.09993069,20:02.0
T01048,02:21:05,06-09-2024,41.93373171,-87.63017,21:05.1
U41680,02:26:08,06-09-2024,35.90023502,-84.7484894,26:07.8
N91527,02:28:49,06-09-2024,38.65048903,-89.93634449,28:49.1
M1920,02:31:31,06-09-2024,38.88215898,-91.47189948,31:30.7
M01398,02:35:59,06-09-2024,41.18748854,-105.6749239,35:59.4
B81681,02:36:23,06-09-2024,36.2362221,-84.89314475,36:23.4
G5683,02:39:41,06-09-2024,41.51452841,-110.1039472,39:40.5
E4325,02:39:49,06-09-2024,30.65232808,-102.4011669,39:49.0
X2921,02:42:59,06-09-2024,38.83816584,-91.3751513,42:59.5
G2779,02:44:52,06-09-2024,38.63894574,-115.0903876,44:51.9
C01682,02:46:39,06-09-2024,36.352392,-85.19125348,46:38.9
T8684,02:50:14,06-09-2024,41.42940322,-110.2038786,50:14.3
K9326,02:50:53,06-09-2024,30.61606976,-101.912677,50:53.4
O6922,02:54:28,06-09-2024,38.94442302,-91.57979409,54:28.3
J81231,02:55:45,06-09-2024,32.42499314,-109.7965738,55:45.3
C01683,02:56:54,06-09-2024,36.31810927,-85.55485137,56:54.4
X2685,03:00:48,06-09-2024,41.39075758,-110.8724213,00:48.1
N6327,03:01:58,06-09-2024,30.56270974,-101.9402898,01:57.8
Y0780,03:05:04,06-09-2024,38.22361383,-114.9121158,05:03.6
D61232,03:05:49,06-09-2024,31.83966734,-110.2855712,05:49.5
M6686,03:11:22,06-09-2024,41.27721528,-111.022016,11:21.9
U4781,03:15:09,06-09-2024,37.99389073,-114.8685606,15:09.5
R71233,03:15:54,06-09-2024,31.74806775,-110.1666435,15:53.6
D8923,03:17:26,06-09-2024,39.11035295,-92.04914575,17:25.8
R81528,03:19:46,06-09-2024,38.63438679,-90.37601694,19:45.9
V51234,03:25:58,06-09-2024,32.14494918,-110.5583969,25:57.8
Y21049,03:26:30,06-09-2024,41.96521266,-87.87662413,26:29.8
T31399,03:26:59,06-09-2024,41.12374526,-105.2340528,26:59.4
E81684,03:27:41,06-09-2024,36.05708733,-85.82923049,27:41.0
M51529,03:29:57,06-09-2024,38.58073035,-90.3001186,29:57.2
H2687,03:32:29,06-09-2024,41.34438035,-111.2339259,32:29.4
S3328,03:35:11,06-09-2024,30.79470705,-101.0646268,35:11.0
M7782,03:35:21,06-09-2024,37.81964697,-115.0442544,35:21.2
M31235,03:36:02,06-09-2024,31.74897303,-110.3819098,36:02.0
Q61685,03:37:56,06-09-2024,36.34850134,-86.25406835,37:56.5
O7924,03:40:23,06-09-2024,38.92521537,-92.39010381,40:23.3
I2783,03:45:27,06-09-2024,37.94328411,-114.790065,45:27.1
M91236,03:46:06,06-09-2024,31.85042966,-110.4560019,46:06.1
P1329,03:46:15,06-09-2024,30.61823349,-100.7537726,46:15.4
T11686,03:48:12,06-09-2024,36.03803884,-86.91381769,48:12.0
S41530,03:50:20,06-09-2024,38.92100704,-90.77002857,50:19.9
J3688,03:53:37,06-09-2024,40.76719844,-111.4653907,53:37.0
C31400,03:57:35,06-09-2024,41.03138757,-104.2816015,57:35.4
V91687,03:58:28,06-09-2024,36.29922315,-86.81492038,58:27.5
S81050,03:59:12,06-09-2024,42.47176643,-89.14164283,59:12.1
J61531,04:00:31,06-09-2024,38.90071527,-90.47996375,00:31.3
N9689,04:04:11,06-09-2024,40.98770983,-111.4730417,04:10.7
D11401,04:07:47,06-09-2024,41.14696818,-103.7018995,07:47.4
J51688,04:08:43,06-09-2024,36.09323272,-87.01001606,08:43.1
Y51051,04:10:06,06-09-2024,42.39741313,-88.80083891,10:06.2
L0690,04:14:45,06-09-2024,40.74806191,-111.4502523,14:44.5
B3784,04:15:45,06-09-2024,37.57653641,-115.3160518,15:44.7
M31237,04:16:19,06-09-2024,32.31090436,-111.0629068,16:18.6
W41402,04:17:59,06-09-2024,41.2327687,-103.3645068,17:59.4
W6330,04:19:29,06-09-2024,30.42083118,-99.79634593,19:28.5
L31532,04:20:54,06-09-2024,39.02404165,-90.81813894,20:54.0
L0785,04:25:51,06-09-2024,37.62492962,-115.4399612,25:50.5
O2925,04:26:18,06-09-2024,38.85817611,-93.49381072,26:18.3
B41689,04:29:14,06-09-2024,35.90624478,-86.95529686,29:14.1
Q8926,04:37:47,06-09-2024,39.14920914,-93.65314802,37:47.1
R81052,04:42:49,06-09-2024,42.9992453,-89.04006418,42:48.6
R1786,04:46:02,06-09-2024,37.26584236,-114.9581517,46:02.2
B5691,04:46:26,06-09-2024,40.85682686,-111.9816501,46:25.9
O91238,04:46:31,06-09-2024,32.34155222,-111.0301975,46:31.1
C1927,04:49:16,06-09-2024,39.01377891,-93.74363313,49:15.9
G4250,04:52:42,06-09-2024,30.22453899,-99.50637007,52:41.7
W2787,04:56:08,06-09-2024,37.41282319,-114.9395433,56:08.1
T51403,04:58:47,06-09-2024,41.014257,-102.4204953,58:47.4
T31690,05:00:01,06-09-2024,35.62004956,-87.87311691,00:00.7
J2251,05:03:46,06-09-2024,30.42161321,-99.49558835,03:46.1
B51053,05:04:37,06-09-2024,42.99892845,-89.20512906,04:36.8
J2928,05:12:13,06-09-2024,39.24704025,-94.43288595,12:13.4
U4252,05:14:51,06-09-2024,30.33027136,-99.16592714,14:50.5
K2788,05:16:20,06-09-2024,36.98710345,-115.1473434,16:19.8
M51239,05:16:44,06-09-2024,32.69918638,-111.2157754,16:43.6
C9692,05:18:07,06-09-2024,40.79066453,-112.0707068,18:07.2
O11404,05:19:11,06-09-2024,41.01684572,-101.5933473,19:11.3
X2929,05:23:42,06-09-2024,39.22672226,-94.87663164,23:42.1
T7253,05:25:55,06-09-2024,30.19597125,-99.23235375,25:54.9
C6789,05:26:26,06-09-2024,36.96971109,-114.9156997,26:25.7
Y61240,05:26:48,06-09-2024,32.61280881,-111.6385184,26:47.7
A0693,05:28:41,06-09-2024,40.58940516,-112.9419104,28:41.0
F21691,05:30:47,06-09-2024,35.50380897,-89.53996551,30:47.2
R61533,05:32:14,06-09-2024,38.95706697,-91.9671885,32:13.5
Z5254,05:36:59,06-09-2024,30.1019448,-98.92133433,36:59.3
I11054,05:37:19,06-09-2024,43.44878861,-89.36816225,37:19.1
T8694,05:39:15,06-09-2024,40.65191854,-113.2472374,39:14.8
H91405,05:39:35,06-09-2024,41.35527443,-101.6141641,39:35.3
C11534,05:42:25,06-09-2024,39.06476711,-92.29969464,42:24.9
Q8790,05:46:37,06-09-2024,36.62508054,-114.9219706,46:37.4
B9255,05:48:04,06-09-2024,29.96896402,-99.05325392,48:03.7
G41055,05:48:13,06-09-2024,43.70473731,-89.39816791,48:13.2
M4695,05:49:49,06-09-2024,40.57977928,-114.2132148,49:48.5
I2930,05:58:08,06-09-2024,38.91682887,-94.98712673,58:08.4
D41056,05:59:07,06-09-2024,43.55853468,-89.77004607,59:07.3
Y0623,06:00:22,06-09-2024,40.61336457,-114.0460549,00:22.3
G01535,06:02:48,06-09-2024,38.87790763,-92.61240807,02:47.6
Z01241,06:07:04,06-09-2024,33.5489391,-112.2111935,07:04.4
O5931,06:09:37,06-09-2024,38.77863871,-95.24176186,09:37.2
W21057,06:10:01,06-09-2024,43.35639762,-89.9279101,10:01.4
A8624,06:10:56,06-09-2024,41.03822948,-114.2242793,10:56.1
J61692,06:11:49,06-09-2024,35.08524943,-90.02650275,11:49.3
B01536,06:12:59,06-09-2024,38.73582051,-93.11957918,12:59.0
P9791,06:16:55,06-09-2024,36.38215208,-114.9042443,16:55.0
T0932,06:21:06,06-09-2024,39.13290975,-95.30167918,21:05.9
L41242,06:27:13,06-09-2024,33.53340248,-111.8219534,27:12.7
H7625,06:32:04,06-09-2024,40.88179599,-114.4562556,32:03.6
N8256,06:32:21,06-09-2024,29.72279154,-98.8828051,32:21.3
N6933,06:32:35,06-09-2024,39.21075286,-95.41447067,32:34.7
I7257,06:43:26,06-09-2024,29.77715177,-98.49327998,43:25.7
E81537,06:43:33,06-09-2024,38.93993399,-93.74413444,43:33.0
P0934,06:44:03,06-09-2024,39.16417939,-95.53085703,44:03.5
E51406,06:50:59,06-09-2024,40.80078378,-99.33634821,50:59.3
G8626,06:53:11,06-09-2024,40.8839386,-115.4179791,53:11.2
Z5258,06:54:30,06-09-2024,29.72035023,-98.56837586,54:30.1
P9935,06:55:32,06-09-2024,39.2860714,-95.69296577,55:32.2
D0627,07:03:45,06-09-2024,41.08861151,-115.6954646,03:45.0
J51538,07:03:56,06-09-2024,39.02283127,-94.05467402,03:55.7
T31058,07:04:32,06-09-2024,44.18538851,-90.48264477,04:32.0
P91693,07:13:22,06-09-2024,34.59417452,-92.02216442,13:22.5
G61059,07:15:26,06-09-2024,43.95240956,-90.85618045,15:26.1
S1259,07:16:39,06-09-2024,29.5052011,-98.28098979,16:38.9
D1936,07:18:30,06-09-2024,38.93490753,-96.4028309,18:29.7
E01407,07:21:35,06-09-2024,40.60570346,-99.02381728,21:35.3
Y61694,07:23:38,06-09-2024,34.9249098,-92.50753802,23:38.0
D8260,07:27:43,06-09-2024,29.34746867,-98.16843073,27:43.3
D71408,07:31:47,06-09-2024,40.58328128,-98.8085438,31:47.3
O81695,07:33:54,06-09-2024,34.4423898,-92.3759891,33:53.5
X01243,07:37:42,06-09-2024,33.33724743,-112.8417908,37:41.8
P0261,07:38:48,06-09-2024,29.47063143,-98.27857845,38:47.7
E71630,07:44:09,06-09-2024,34.80719473,-92.27573489,44:09.0
I21539,07:44:41,06-09-2024,38.96819342,-94.45130902,44:41.2
F5628,07:46:00,06-09-2024,40.76946172,-116.3442316,46:00.1
Y01060,07:48:08,06-09-2024,44.09036768,-91.39066278,48:08.4
D3262,07:49:52,06-09-2024,29.40936651,-98.27901735,49:52.1
S61409,07:52:11,06-09-2024,40.70047216,-97.86996032,52:11.3
X3937,07:52:56,06-09-2024,38.87472034,-96.72480611,52:56.0
D31540,07:54:53,06-09-2024,39.29649059,-94.85498945,54:52.5
F3629,07:56:34,06-09-2024,40.69899343,-116.0838161,56:33.9
P71244,07:57:50,06-09-2024,33.48357591,-113.4336882,57:50.1
I51631,08:04:40,06-09-2024,34.60750758,-92.78295572,04:40.1
T61541,08:05:04,06-09-2024,39.33114089,-94.59947673,05:03.9
S51061,08:09:57,06-09-2024,44.16922247,-91.83664005,09:56.7
N6263,08:12:01,06-09-2024,29.66193677,-97.86007381,12:00.9
D51632,08:14:56,06-09-2024,34.43507653,-93.07176843,14:55.6
I31245,08:17:58,06-09-2024,33.8064893,-114.1953844,17:58.5
J21062,08:20:51,06-09-2024,43.75113209,-92.15986137,20:50.8
O61410,08:22:47,06-09-2024,40.99705234,-97.03031292,22:47.2
R9264,08:23:05,06-09-2024,29.56034939,-97.54904638,23:05.3
A11633,08:25:11,06-09-2024,33.90902026,-93.3068059,25:11.1
C6938,08:27:22,06-09-2024,38.78567527,-97.872232,27:22.3
I71246,08:28:03,06-09-2024,33.81606136,-114.3667485,28:02.6
K3265,08:34:10,06-09-2024,29.50455465,-97.22237316,34:09.7
P31634,08:35:27,06-09-2024,33.72549992,-93.29094159,35:26.7
B5939,08:38:51,06-09-2024,38.80522807,-97.90669873,38:51.1
H61063,08:42:39,06-09-2024,43.46264066,-93.00072583,42:39.0
W4266,08:45:14,06-09-2024,29.46293277,-96.81661143,45:14.1
F7630,08:49:23,06-09-2024,40.82499637,-117.5668867,49:22.8
Y3940,08:50:20,06-09-2024,38.85154612,-98.24582362,50:19.8
H41064,08:53:33,06-09-2024,43.50548872,-93.07555471,53:33.1
W9267,08:56:18,06-09-2024,29.83079056,-96.37808076,56:18.5
D0631,08:59:57,06-09-2024,40.88204485,-117.5756444,59:56.5
V41065,09:04:27,06-09-2024,43.47953341,-93.05127595,04:27.2
J51635,09:06:13,06-09-2024,33.37434404,-94.00330916,06:13.2
K3268,09:07:23,06-09-2024,29.74148924,-96.10026213,07:22.9
E5632,09:10:30,06-09-2024,40.97858592,-117.7590104,10:30.3
T4874,09:13:17,06-09-2024,39.03719816,-98.91057752,13:17.3
G41411,09:13:47,06-09-2024,40.82106333,-96.43237441,13:47.2
F61636,09:16:29,06-09-2024,33.37771939,-94.06357999,16:28.8
N01247,09:18:23,06-09-2024,33.46682453,-115.8773843,18:23.4
T6269,09:18:27,06-09-2024,29.92662668,-95.79898487,18:27.3
C1875,09:24:46,06-09-2024,38.68947753,-99.54335806,24:46.1
H31542,09:26:35,06-09-2024,40.25502153,-95.48803175,26:34.7
C91637,09:26:44,06-09-2024,33.44351511,-94.48216111,26:44.3
P0270,09:29:32,06-09-2024,29.59350884,-95.68155957,29:31.7
G2876,09:36:15,06-09-2024,39.14922268,-99.7000261,36:14.9
G51543,09:36:46,06-09-2024,40.34357503,-95.56081563,36:46.1
J71638,09:37:00,06-09-2024,33.20120032,-94.72346266,36:59.8
J1633,09:42:12,06-09-2024,40.70843046,-118.1647243,42:11.7
G81639,09:47:15,06-09-2024,32.97668299,-94.95163735,47:15.3
U2877,09:47:44,06-09-2024,39.24901257,-99.86886101,47:43.6
Z7634,09:52:45,06-09-2024,40.27757155,-118.1544084,52:45.4
K91412,09:54:35,06-09-2024,40.67840654,-95.89943699,54:35.2
Y81248,09:58:40,06-09-2024,33.79913017,-116.3823831,58:40.1
B21066,09:58:58,06-09-2024,43.78634559,-94.62637749,58:57.8
J4271,10:02:45,06-09-2024,29.77430646,-95.48400644,02:44.9
G8635,10:03:19,06-09-2024,40.2342997,-118.5272458,03:19.2
Y91067,10:09:52,06-09-2024,43.50101036,-95.03683607,09:51.9
A4878,10:10:41,06-09-2024,39.09264944,-101.0937608,10:41.2
Z9272,10:13:49,06-09-2024,29.55016217,-95.39203468,13:49.3
S5636,10:13:53,06-09-2024,39.98711768,-118.6711288,13:53.0
X91544,10:17:32,06-09-2024,40.46859869,-96.24546044,17:31.5
O71068,10:20:46,06-09-2024,43.49324259,-95.55804361,20:46.0
Y0879,10:22:10,06-09-2024,39.20423509,-101.0744093,22:09.9
F4637,10:24:27,06-09-2024,39.82572148,-118.7820588,24:26.8
N6273,10:24:54,06-09-2024,29.5946525,-95.2558857,24:53.7
K11413,10:25:11,06-09-2024,40.06200016,-95.52219411,25:11.2
Q51249,10:28:53,06-09-2024,34.090944,-117.0857865,28:52.5
U4880,10:33:39,06-09-2024,39.26713639,-101.4826028,33:38.7
P31250,10:38:57,06-09-2024,33.84079386,-116.8996986,38:56.7
G01414,10:45:35,06-09-2024,40.22434092,-95.44914326,45:35.2
F01415,10:55:47,06-09-2024,40.20478113,-94.84265889,55:47.2
A9638,10:56:08,06-09-2024,39.50129779,-118.8523702,56:08.1
K7881,10:56:36,06-09-2024,39.33356084,-102.2639783,56:36.2
P21416,11:05:59,06-09-2024,39.82022904,-94.8887065,05:59.2
F0639,11:06:42,06-09-2024,39.8034576,-119.4173307,06:41.9
K4882,11:08:05,06-09-2024,39.39824178,-102.2919577,08:05.0
P4640,11:17:16,06-09-2024,39.47995785,-119.216372,17:15.7
J01251,11:19:13,06-09-2024,33.88087711,-117.0813011,19:13.4
B7883,11:19:34,06-09-2024,39.43140672,-102.8702157,19:33.7
A31069,11:26:11,06-09-2024,43.8276315,-97.94329009,26:10.6
C81417,11:26:23,06-09-2024,39.87367557,-95.00308068,26:23.2
Z6641,11:27:49,06-09-2024,39.43909112,-119.5196156,27:49.4
S2884,11:31:02,06-09-2024,39.48778449,-103.5116605,31:02.5
E21070,11:37:05,06-09-2024,43.61305631,-98.55885346,37:04.7
E2642,11:38:23,06-09-2024,39.71223663,-119.3210175,38:23.2
R81640,11:40:06,06-09-2024,32.58736332,-96.92010188,40:06.1
W31418,11:46:47,06-09-2024,39.276096,-94.59567168,46:47.1
L2643,11:48:57,06-09-2024,39.82924153,-119.680667,48:57.0
T21641,11:50:22,06-09-2024,32.58996483,-96.62568207,50:21.6
C51419,11:56:59,06-09-2024,39.27168732,-94.52890496,56:59.1
W21252,11:59:30,06-09-2024,34.35566299,-117.7945467,59:30.0
Q41642,12:00:37,06-09-2024,32.66474262,-96.93480838,00:37.1
S8885,12:05:29,06-09-2024,39.62151018,-103.8486087,05:28.8
V91253,12:09:34,06-09-2024,34.36310613,-117.9344452,09:34.2
H01545,12:09:36,06-09-2024,41.01611071,-97.52204063,09:36.5
E81071,12:09:47,06-09-2024,43.57815656,-99.08560539,09:47.1
J2644,12:10:05,06-09-2024,39.38451772,-119.411896,10:04.6
I81643,12:10:53,06-09-2024,32.43465152,-96.87805528,10:52.6
A41546,12:19:48,06-09-2024,40.68948479,-98.03305422,19:47.8
O2645,12:20:38,06-09-2024,39.7230235,-119.364665,20:38.3
B11072,12:31:35,06-09-2024,43.93607174,-99.67393365,31:35.3
F4646,12:41:46,06-09-2024,39.60450577,-119.8318689,41:45.9
J61073,12:42:29,06-09-2024,43.74574944,-99.62196773,42:29.4
D71254,12:49:51,06-09-2024,34.35115401,-118.2094129,49:50.8
A21547,12:50:22,06-09-2024,40.88352187,-98.46176873,50:21.9
W61644,12:51:55,06-09-2024,32.30471152,-96.96556778,51:54.7
Y01074,12:53:24,06-09-2024,44.05693051,-100.2251157,53:23.5
V31548,13:00:33,06-09-2024,40.85277018,-99.03394678,00:33.2
L8886,13:02:53,06-09-2024,39.51298407,-104.8942257,02:52.6
P11420,13:08:23,06-09-2024,39.12048102,-93.69081429,08:23.1
G31255,13:09:59,06-09-2024,34.22812142,-118.0860371,09:59.1
U91645,13:12:26,06-09-2024,31.81034845,-97.10902115,12:25.8
W0887,13:14:21,06-09-2024,39.84181657,-104.719148,14:21.3
U21646,13:22:41,06-09-2024,31.68151746,-96.89352701,22:41.3
E3888,13:25:50,06-09-2024,39.5960097,-104.7650865,25:50.1
L41647,13:32:57,06-09-2024,31.8276105,-97.33129988,32:56.8
G1647,13:34:35,06-09-2024,39.43011062,-119.9474326,34:34.8
I31075,13:37:00,06-09-2024,43.82803928,-101.6855135,37:00.0
P3889,13:37:19,06-09-2024,39.80044639,-104.8281543,37:18.8
F91421,13:38:59,06-09-2024,39.18343311,-93.46399532,38:59.1
A1648,13:45:09,06-09-2024,39.35251067,-120.2061205,45:08.6
Z11076,13:47:54,06-09-2024,43.80857855,-102.426141,47:54.1
D21549,13:51:30,06-09-2024,41.07876202,-100.1669776,51:30.0
T11648,13:53:28,06-09-2024,31.4115016,-97.44244449,53:27.9
E11077,13:58:48,06-09-2024,43.82354842,-102.483489,58:48.2
X01350,13:59:23,06-09-2024,39.06921601,-93.20826687,59:23.1
H71550,14:01:41,06-09-2024,41.00757602,-100.5323569,01:41.4
P61649,14:03:43,06-09-2024,31.07423239,-97.37535243,03:43.4
S21256,14:10:24,06-09-2024,34.4546788,-118.5840274,10:24.1
M01551,14:11:53,06-09-2024,40.8711734,-100.7222177,11:52.8
J21650,14:13:59,06-09-2024,30.94916933,-97.14582529,13:58.9
T0649,14:16:50,06-09-2024,39.3743849,-120.1787995,16:49.9
U41552,14:22:04,06-09-2024,41.34642746,-100.7203628,22:04.1
T11651,14:24:14,06-09-2024,30.83613773,-97.2259155,24:14.4
R2650,14:37:57,06-09-2024,39.31841781,-120.093706,37:57.5
B71351,14:40:11,06-09-2024,39.02441382,-92.11105389,40:11.1
V11078,14:42:25,06-09-2024,44.40943931,-103.2792233,42:24.6
M01553,14:42:27,06-09-2024,40.95123413,-101.2645859,42:26.8
P91652,14:44:45,06-09-2024,30.74299798,-97.82163248,44:45.5
F9651,14:48:31,06-09-2024,39.43608839,-120.3785697,48:31.2
Q51079,14:53:19,06-09-2024,44.66479598,-103.8057382,53:18.7
G4652,14:59:05,06-09-2024,39.17681357,-120.1451518,59:05.0
Q0653,15:09:39,06-09-2024,39.51775948,-120.4127425,09:38.8
V11554,15:13:01,06-09-2024,40.89357133,-101.902445,13:00.9
S21000,15:15:07,06-09-2024,44.78878567,-103.9253869,15:06.9
Q51653,15:15:32,06-09-2024,30.33018346,-97.79110651,15:32.1
E0654,15:20:13,06-09-2024,39.4738248,-120.3184793,20:12.6
X01352,15:20:59,06-09-2024,39.07581542,-91.24295712,20:59.0
I21001,15:26:01,06-09-2024,44.47968004,-103.8145049,26:01.1
Y5655,15:30:46,06-09-2024,39.44525619,-120.1076771,30:46.4
Y71257,15:30:57,06-09-2024,35.2724904,-119.2829244,30:57.4
Q11002,15:36:55,06-09-2024,44.80344798,-104.3351474,36:55.2
G6656,15:41:20,06-09-2024,39.0887538,-120.4440651,41:20.1
Y7657,15:51:54,06-09-2024,39.29510435,-120.3916455,51:53.9
L21555,15:53:46,06-09-2024,40.95014899,-102.9800301,53:46.3
Y21258,16:01:10,06-09-2024,36.23466679,-120.3859968,01:09.8
F4658,16:02:28,06-09-2024,39.36108321,-120.7240694,02:27.7
A31259,16:11:14,06-09-2024,36.75983937,-120.6314253,11:14.0
K41556,16:14:09,06-09-2024,41.34955612,-104.0682729,14:09.0
B11353,16:22:11,06-09-2024,38.94420319,-90.78285192,22:11.0
F0659,16:23:35,06-09-2024,39.35731085,-120.5714716,23:35.2
Q51260,16:31:22,06-09-2024,37.07800889,-121.1825572,31:22.3
S61003,16:31:26,06-09-2024,45.34158541,-106.1620293,31:25.7
M5660,16:34:09,06-09-2024,39.52691482,-120.8648784,34:09.0
J21004,16:42:20,06-09-2024,45.41594529,-106.4238166,42:19.8
P9661,16:44:43,06-09-2024,39.24986949,-120.5988317,44:42.8
B31557,16:54:54,06-09-2024,41.27972184,-105.078019,54:54.5
N41005,17:04:08,06-09-2024,45.67988857,-106.5549325,04:08.0
J9662,17:05:50,06-09-2024,39.44671187,-120.777877,05:50.4
N51354,17:13:11,06-09-2024,38.89164729,-90.35477311,13:11.0
V41006,17:15:02,06-09-2024,45.72537224,-106.593915,15:02.2
T91558,17:15:17,06-09-2024,41.00510954,-105.2326307,15:17.2
N81559,17:25:29,06-09-2024,41.05981917,-105.3736439,25:28.5
R41007,17:25:56,06-09-2024,45.39574901,-106.86455,25:56.3
F0663,17:26:58,06-09-2024,39.18654939,-120.8204431,26:57.9
M11008,17:36:50,06-09-2024,45.38255273,-106.9822894,36:50.4
E11560,17:45:51,06-09-2024,41.2999851,-105.9695194,45:51.3
W61355,17:53:59,06-09-2024,38.73626166,-90.19165846,53:58.9
X01561,17:56:03,06-09-2024,41.54904026,-106.0855658,56:02.6
B31356,18:04:11,06-09-2024,38.3984867,-89.82289166,04:10.9
J01261,18:12:04,06-09-2024,37.08952684,-121.3095415,12:03.9
U91357,18:14:23,06-09-2024,38.60716274,-89.62282245,14:22.9
J8664,18:19:47,06-09-2024,39.11811894,-121.070997,19:46.8
X91009,18:31:21,06-09-2024,45.75718204,-108.5219374,31:20.9
U71262,18:32:12,06-09-2024,37.37363761,-121.9041,32:12.3
T21358,18:34:47,06-09-2024,38.5918064,-89.73243945,34:46.9
L9665,18:40:54,06-09-2024,38.74879177,-121.5590885,40:54.4
W3666,18:51:28,06-09-2024,38.42112195,-121.3542616,51:28.1
C11010,18:53:09,06-09-2024,45.66076302,-108.7762422,53:09.2
N31562,18:57:11,06-09-2024,41.77161539,-107.3012224,57:10.8
J41263,19:02:25,06-09-2024,37.28009745,-121.6952335,02:24.7
P21011,19:04:03,06-09-2024,45.80366931,-109.2958694,04:03.3
L61012,19:14:57,06-09-2024,45.64401356,-109.5398257,14:57.4
M81563,19:17:33,06-09-2024,41.58897077,-108.3656234,17:33.5
B51013,19:25:51,06-09-2024,45.87255323,-109.8764303,25:51.5
P91359,19:46:11,06-09-2024,38.21406074,-88.97910887,46:10.9
K91360,19:56:23,06-09-2024,38.10853921,-88.71637579,56:22.9
J71564,19:58:19,06-09-2024,41.71225742,-109.4604503,58:18.9
N11361,20:06:35,06-09-2024,37.97421715,-88.93021169,06:34.9
Y21565,20:18:42,06-09-2024,41.62438369,-110.2147184,18:41.6
C01014,20:20:22,06-09-2024,45.5035067,-111.0415714,20:22.0
B81015,20:31:16,06-09-2024,45.78447022,-110.9609077,31:16.1
S01016,20:42:10,06-09-2024,45.7235449,-111.2203588,42:10.3
H11362,20:47:23,06-09-2024,37.27357787,-88.78178248,47:22.9
N71017,20:53:04,06-09-2024,46.06357209,-111.5441616,53:04.4
I81363,20:57:35,06-09-2024,37.45618772,-88.9850178,57:34.8
X61018,21:03:58,06-09-2024,45.69100249,-112.1232772,03:58.5
F41566,21:09:38,06-09-2024,41.46577865,-110.8531899,09:38.4
H61364,21:17:59,06-09-2024,37.14904863,-88.66683114,17:58.8
U31019,21:25:47,06-09-2024,45.83546011,-112.422862,25:46.7
K31020,21:36:41,06-09-2024,46.13679805,-112.7487488,36:40.8
S21021,21:47:35,06-09-2024,46.03598018,-112.627065,47:34.9
E61022,21:58:29,06-09-2024,46.46658435,-112.6661192,58:29.0
T91365,21:58:47,06-09-2024,37.08074815,-88.58724156,58:46.8
V01366,22:08:59,06-09-2024,37.01015565,-88.35424796,08:58.8
O61367,22:19:11,06-09-2024,37.19214789,-88.32326904,19:10.8
Z21567,22:20:58,06-09-2024,40.89132634,-111.7706969,20:57.9
U21368,22:29:23,06-09-2024,37.23223663,-87.98960018,29:22.8
X51023,22:31:11,06-09-2024,46.64942354,-113.4206532,31:11.4
X01369,22:39:35,06-09-2024,37.29169337,-87.9315379,39:34.8
F51370,22:49:47,06-09-2024,36.86572081,-88.0691667,49:46.8
N61568,22:51:32,06-09-2024,41.78988063,-112.0509044,51:32.0
G91024,22:53:00,06-09-2024,46.93143694,-113.530668,52:59.6
V11025,23:03:54,06-09-2024,46.95261186,-113.5839197,03:53.7
Z01371,23:10:11,06-09-2024,36.96362139,-87.86270352,10:10.8
C31569,23:11:55,06-09-2024,41.88397964,-112.2078943,11:54.7
H01026,23:25:42,06-09-2024,46.58674064,-113.6246156,25:41.9
M91570,23:32:17,06-09-2024,41.80389279,-112.5205004,32:17.4
K21027,23:36:36,06-09-2024,46.87084731,-113.7655457,36:36.0
Z31372,23:50:59,06-09-2024,36.38645655,-87.51765115,50:58.8
X41028,23:58:24,06-09-2024,47.14341988,-114.3361606,58:24.2
Z31373,00:01:11,07-09-2024,36.37904679,-87.3931831,01:10.8
S41571,00:02:51,07-09-2024,42.35475935,-112.8200702,02:51.5
Y41029,00:09:18,07-09-2024,47.24122435,-114.4102974,09:18.3
Z11374,00:11:23,07-09-2024,36.62145006,-87.15929031,11:22.7
R11572,00:13:03,07-09-2024,42.36546862,-113.2184398,13:02.8
N61030,00:20:12,07-09-2024,46.93231254,-114.8954079,20:12.5
U51031,00:42:01,07-09-2024,47.1787028,-115.2728702,42:00.7
V11032,00:52:55,07-09-2024,47.44897555,-115.2892086,52:54.8
N31033,01:03:49,07-09-2024,47.43822046,-115.091282,03:48.9
N11375,01:12:35,07-09-2024,36.17665896,-86.68434614,12:34.7
U81573,01:14:11,07-09-2024,42.84401904,-114.1952838,14:11.0
K21034,01:14:43,07-09-2024,47.1802999,-115.2944678,14:43.0
W21376,01:22:47,07-09-2024,35.58568811,-86.09653721,22:46.7
K11574,01:24:22,07-09-2024,42.73230351,-114.5561203,24:22.3
N71035,01:25:37,07-09-2024,47.5831742,-115.5574684,25:37.1
N41575,01:34:34,07-09-2024,42.7841225,-114.8234093,34:33.7
W01036,01:36:31,07-09-2024,47.22954323,-115.5729285,36:31.2
J71377,01:43:11,07-09-2024,35.41289995,-86.1062447,43:10.7
T71037,01:47:25,07-09-2024,47.64479107,-115.4471895,47:25.3
V01576,01:54:56,07-09-2024,43.15159972,-115.0107127,54:56.4
V01038,02:09:14,07-09-2024,47.52211781,-115.7118695,09:13.6
N11378,02:13:47,07-09-2024,35.08735063,-85.53716854,13:46.7
M21577,02:25:30,07-09-2024,42.78396744,-115.4862332,25:30.5
U81379,02:34:11,07-09-2024,34.87152783,-85.65170167,34:10.7
I71039,02:41:56,07-09-2024,47.68819304,-115.6638216,41:55.9
S61380,02:44:23,07-09-2024,35.06627481,-85.48913463,44:22.7
Q01040,03:14:38,07-09-2024,47.59595525,-115.7174612,14:38.2
I31041,03:25:32,07-09-2024,47.26319518,-115.9866885,25:32.3
P21381,03:35:23,07-09-2024,35.10766463,-85.01230315,35:22.6
U71578,03:36:50,07-09-2024,43.53337561,-116.4909286,36:50.0
G81382,03:55:47,07-09-2024,34.69681362,-85.05637706,55:46.6
Y71383,04:05:59,07-09-2024,34.45604562,-84.79305354,05:58.6
V21579,04:07:24,07-09-2024,43.87821291,-116.8568222,07:24.1
M31042,04:20:03,07-09-2024,47.70442662,-116.7233111,20:02.9
C71384,04:36:35,07-09-2024,34.159634,-84.96322217,36:34.6
H11043,04:41:51,07-09-2024,47.41360597,-116.7391416,41:51.1
M61385,04:46:47,07-09-2024,34.00622205,-84.83199629,46:46.6
T81044,05:03:39,07-09-2024,47.58565784,-116.5560203,03:39.3
Z31580,05:08:32,07-09-2024,44.65655722,-117.2920601,08:32.2
M31386,05:17:23,07-09-2024,34.29181351,-84.66352104,17:22.6
Z61500,05:18:44,07-09-2024,44.87369793,-117.7388266,18:43.6
Z81501,05:28:55,07-09-2024,44.95598261,-117.9862174,28:54.9
U91045,05:36:22,07-09-2024,47.83426801,-117.1613172,36:21.6
L91046,05:47:16,07-09-2024,47.72511735,-117.1204749,47:15.8
C81502,05:49:18,07-09-2024,45.26790399,-118.1098386,49:17.6
T41503,06:09:40,07-09-2024,45.47215574,-117.9541293,09:40.3
H61047,06:19:58,07-09-2024,47.33465862,-117.9742359,19:58.1
T01048,06:30:52,07-09-2024,46.94289382,-118.521552,30:52.2
S31504,06:50:26,07-09-2024,45.47606194,-118.5515378,50:25.8
Y21049,06:52:40,07-09-2024,47.06316972,-119.4244653,52:40.4
H51505,07:00:37,07-09-2024,45.71209914,-118.4918134,00:37.1
S81050,07:03:35,07-09-2024,47.00068016,-119.8808006,03:34.5
U81506,07:31:11,07-09-2024,45.49567727,-118.7578787,31:11.2
K01507,08:11:57,07-09-2024,45.73436555,-120.0631422,11:56.6
O61508,09:02:53,07-09-2024,45.73238271,-121.4141809,02:53.4
Y01509,09:13:05,07-09-2024,45.5603518,-121.4975188,13:04.8
Y51051,09:47:06,07-09-2024,47.45211484,-121.644416,47:06.2
F31510,10:04:02,07-09-2024,45.51357337,-121.8135776,04:01.6
K71511,10:14:13,07-09-2024,45.61647909,-122.0195475,14:12.9
A91512,10:24:24,07-09-2024,45.46492928,-121.8847681,24:24.3
P11513,11:45:55,07-09-2024,45.65655269,-122.5627399,45:55.1
