Pallet_ID,timestamp,latitude,longitude
Y0623,2024-09-05 08:00:00.000000,41.79556684766413,-87.57533150153446
S21000,2024-09-05 08:10:54.110160,40.58461810575839,-73.84556974745745
A8624,2024-09-05 08:21:07.557000,41.99686450043024,-87.82919858777267
I21001,2024-09-05 08:32:42.330480,40.57657359927767,-74.30772215001194
Q11002,2024-09-05 08:43:36.440640,40.55157977165135,-74.20695895182243
X01350,2024-09-05 08:45:00.000000,45.38862432914896,-122.73777247727833
S61003,2024-09-05 08:54:30.550800,40.97174858715924,-73.88645060445533
H7625,2024-09-05 09:03:22.671000,41.70198368612916,-88.17350974959308
B71351,2024-09-05 09:05:23.989200,45.60312080439966,-122.439859137481
G8626,2024-09-05 09:13:56.449500,42.04326552943191,-88.18622045306853
J21004,2024-09-05 09:16:18.771120,40.856319366473805,-73.97172772593217
E71630,2024-09-05 09:20:15.523080,39.96931564025557,-75.35145455762054
G4250,2024-09-05 09:30:00.000000,32.59424500812282,-117.01248429702324
X01352,2024-09-05 09:35:59.973000,45.35023811081726,-122.26188475720194
J2251,2024-09-05 09:41:04.397485,32.49520714428325,-117.36565934330255
D0627,2024-09-05 09:45:37.785000,41.69283771894571,-89.2086395124637
B11353,2024-09-05 09:46:11.967600,45.60385060942379,-122.119757725162
N41005,2024-09-05 09:49:01.101600,40.76201880043581,-74.1994313263154
I51631,2024-09-05 09:51:02.092320,39.68998387265307,-75.18844637037874
U4252,2024-09-05 09:52:08.794970,32.83948706005462,-117.0337447878306
F5628,2024-09-05 09:56:11.563500,41.72786307706359,-89.71743842746082
V41006,2024-09-05 09:59:55.211760,40.7555605541172,-74.2759654781678
R3777,2024-09-05 10:05:11.721000,47.4752887457012,-122.31603099401036
N51354,2024-09-05 10:06:35.956800,45.46579739440404,-121.83335623466544
D51632,2024-09-05 10:11:33.138480,40.04014447059614,-75.20938068166582
T7253,2024-09-05 10:14:17.589940,32.96297334830334,-117.17868551505752
Z8778,2024-09-05 10:15:17.581500,47.44815403630274,-122.36435185987187
W61355,2024-09-05 10:16:47.951400,45.843935472223215,-121.73368447289106
F3629,2024-09-05 10:17:19.120500,41.49349214981474,-90.21253856138188
R41007,2024-09-05 10:21:43.432080,40.761323168692265,-74.44873138661396
A11633,2024-09-05 10:21:48.661560,40.05541873306085,-75.25754140705918
Z5254,2024-09-05 10:25:21.987425,32.85159765962392,-116.89635549395562
G2779,2024-09-05 10:25:23.442000,47.78691346317122,-122.14092160146342
B31356,2024-09-05 10:26:59.946000,45.63828173315992,-121.83664192587884
F7630,2024-09-05 10:27:52.899000,41.51364057583449,-90.21762539780356
P31634,2024-09-05 10:32:04.184640,39.86015198861409,-75.426241596585
Y0780,2024-09-05 10:35:29.302500,47.487832732607714,-121.79544196093477
B9255,2024-09-05 10:36:26.384910,32.62518201861376,-116.55897903321883
D0631,2024-09-05 10:38:26.677500,41.70447470793824,-90.303090710391
U4781,2024-09-05 10:45:35.163000,47.48376252678117,-121.87154489631192
N8256,2024-09-05 10:47:30.782395,32.7758704921975,-116.5351438862216
J51635,2024-09-05 10:52:35.230800,39.61828159430279,-75.56957790167569
I7257,2024-09-05 10:58:35.179880,32.944095930730946,-116.38848908131338
E5632,2024-09-05 10:59:34.234500,41.37068456535293,-90.14467823416174
M11008,2024-09-05 11:05:19.872720,40.92279423638525,-74.9501489757191
U91357,2024-09-05 11:07:47.924400,45.88613646718981,-121.54734348699552
Z5258,2024-09-05 11:09:39.577365,32.815968583242146,-116.66960989186852
J1633,2024-09-05 11:10:08.013000,41.43467183988414,-90.40836176305233
T21358,2024-09-05 11:17:59.919000,45.58212294969667,-121.12748585082434
Z7634,2024-09-05 11:20:41.791500,41.845797208309286,-90.74364448474356
F61636,2024-09-05 11:23:21.800040,39.82698188835775,-75.92433167803105
M7782,2024-09-05 11:25:58.605000,47.38684160817037,-121.68721702635958
S1259,2024-09-05 11:31:48.372335,32.8193539664633,-116.65426850852351
I2783,2024-09-05 11:36:04.465500,47.64335167997744,-121.35517203345525
X91009,2024-09-05 11:38:02.203200,40.81086359573419,-75.05129752595693
G8635,2024-09-05 11:41:49.348500,41.61575582582717,-91.42630342416808
D8260,2024-09-05 11:42:52.769820,32.73836010691995,-116.08893328336347
C91637,2024-09-05 11:43:52.846200,39.22551483832284,-76.3677239579043
B3784,2024-09-05 11:46:10.326000,47.37990667646216,-121.26667126179548
C11010,2024-09-05 11:48:56.313360,40.912126848479545,-74.9200469662212
S5636,2024-09-05 11:52:23.127000,41.52714575061842,-91.3008280662023
P0261,2024-09-05 11:53:57.167305,32.56591239244929,-116.24571768975264
P91359,2024-09-05 11:58:47.897400,45.71797783380551,-120.84171039794056
F4637,2024-09-05 12:02:56.905500,41.897861355514216,-91.46135529337114
J71638,2024-09-05 12:14:39.415440,39.61071982093552,-76.3393093389151
L0785,2024-09-05 12:16:27.907500,47.19041723712755,-121.10097643583744
K91360,2024-09-05 12:19:11.886600,45.59777034293965,-119.7698565825081
A9638,2024-09-05 12:24:04.462500,41.68284008574079,-91.88166616926438
F0639,2024-09-05 12:34:38.241000,41.76417249825804,-92.02163982111688
R1786,2024-09-05 12:36:39.628500,47.37538104065619,-120.98441687939116
D3262,2024-09-05 12:38:14.757245,32.98471070113639,-116.02098144254396
W2787,2024-09-05 12:46:45.489000,46.878056627827895,-120.8218838805453
N6263,2024-09-05 12:49:19.154730,32.61773681290178,-115.4030125423952
P21011,2024-09-05 12:54:20.974320,41.26860852274011,-75.70087175900603
G81639,2024-09-05 12:55:41.507760,39.25457611784772,-76.67792464960493
P4640,2024-09-05 12:55:45.798000,41.7155464626518,-92.40343422365932
C71205,2024-09-05 13:00:00.000000,30.43053100663389,-97.64475234543067
R9264,2024-09-05 13:00:23.552215,32.65566869793782,-114.66277659599672
Z6641,2024-09-05 13:06:19.576500,41.62379995967096,-92.9158630016072
K2788,2024-09-05 13:06:57.210000,46.90100108373641,-120.68933565877416
T4874,2024-09-05 13:07:57.520560,33.89372294635129,-84.34184367184636
S81206,2024-09-05 13:10:04.160535,30.44877832992828,-97.96352954998538
N11361,2024-09-05 13:10:11.859600,45.736795356433085,-118.40646537657196
R81640,2024-09-05 13:16:12.553920,39.33634271207285,-76.82511848632603
H11362,2024-09-05 13:20:23.854200,45.75099457767805,-118.34690324771935
K3265,2024-09-05 13:22:32.347185,32.77455808017762,-114.42008418706916
P11207,2024-09-05 13:30:12.481605,30.310081446224384,-98.03367627942816
I81363,2024-09-05 13:30:35.848800,45.524581882178005,-118.31518073314592
C1875,2024-09-05 13:30:55.041120,33.9725034920024,-84.4675706156419
W4266,2024-09-05 13:33:36.744670,32.866361917473675,-114.40902467192626
E2642,2024-09-05 13:38:00.912000,41.79450835039556,-93.5839670960163
O01208,2024-09-05 13:40:16.642140,30.25523796771336,-98.04938926158644
H61364,2024-09-05 13:40:47.843400,45.2163029562065,-118.45019342390016
G2876,2024-09-05 13:42:23.801400,33.9940968911347,-84.67836741984483
W9267,2024-09-05 13:44:41.142155,32.80145888831676,-114.33871385999872
T21641,2024-09-05 13:46:59.123160,39.54272523132946,-77.244480264184
C6789,2024-09-05 13:47:20.652000,46.57010216642436,-120.39814813728704
L2643,2024-09-05 13:48:34.690500,41.82991223660222,-93.66405721757629
T91365,2024-09-05 13:50:59.838000,45.57439951055246,-118.24048813988443
U2877,2024-09-05 13:53:52.561680,33.94205328008762,-84.71211714571785
K3268,2024-09-05 13:55:45.539640,32.6567788755472,-114.36396760811893
Q41642,2024-09-05 13:57:14.646240,39.28977417145402,-77.41143363945855
Q8790,2024-09-05 13:57:26.512500,46.5717719316262,-120.22082873734372
L61012,2024-09-05 13:59:45.635280,40.803410398818855,-76.79088683021389
Z61500,2024-09-05 14:05:00.000000,33.94342293475978,-84.3341398639302
A4878,2024-09-05 14:05:21.321960,34.003888977286444,-84.8567259664909
T6269,2024-09-05 14:06:49.937125,32.69321258240703,-113.9167312168526
I81643,2024-09-05 14:07:30.169320,39.36836879704142,-77.40764347954061
B51013,2024-09-05 14:10:39.745440,41.16594063902932,-77.16871098850248
V01366,2024-09-05 14:11:23.827200,45.50061839039011,-117.83960626953964
Y0879,2024-09-05 14:16:50.082240,34.488484587940974,-84.78131387917809
P0270,2024-09-05 14:17:54.334610,32.93397371266398,-113.67675780785768
I51209,2024-09-05 14:20:33.284280,30.077311349253986,-97.9141733971654
C01014,2024-09-05 14:21:33.855600,41.08266498752277,-77.28673237029257
P9791,2024-09-05 14:27:44.094000,46.00309569799446,-119.58846714812832
W61644,2024-09-05 14:28:01.215480,39.50872067220125,-77.99928724194638
U4880,2024-09-05 14:28:18.842520,34.16970733345235,-84.92494133894716
J4271,2024-09-05 14:28:58.732095,32.847006501461784,-113.39130061687617
P51210,2024-09-05 14:30:37.444815,29.985146741578003,-98.30392381114476
J2644,2024-09-05 14:30:49.804500,41.62884813086972,-94.59130665944066
B81015,2024-09-05 14:32:27.965760,41.29385943011808,-77.48534397645162
Z9272,2024-09-05 14:40:03.129580,33.14806912663945,-112.84870007037397
S01016,2024-09-05 14:43:22.075920,41.277907992179415,-77.49833750342721
U91645,2024-09-05 14:48:32.261640,38.95158546890507,-77.70425882497375
N6273,2024-09-05 14:51:07.527065,33.087025661522766,-112.53244583908642
O2645,2024-09-05 14:51:57.361500,41.50889294189863,-95.24668023264904
L3792,2024-09-05 14:58:01.675500,45.99900433089806,-119.2340339899921
K3274,2024-09-05 15:02:11.924550,32.69031721857052,-112.46972192365313
O61367,2024-09-05 15:02:23.800200,44.43280246420211,-117.32769161451412
F4646,2024-09-05 15:02:31.140000,41.39913673027979,-95.3464832186487
U31211,2024-09-05 15:10:54.086955,29.969666349984166,-98.31673479402323
U21368,2024-09-05 15:12:35.794800,44.250714356139625,-117.1012926934688
G1647,2024-09-05 15:13:04.918500,41.51151500097157,-95.162464007252
X4275,2024-09-05 15:13:16.322035,33.07909767954186,-112.49344834526056
N71017,2024-09-05 15:16:04.406400,41.0912944481129,-77.74071533172001
Z81501,2024-09-05 15:16:19.501800,34.04761592021277,-84.78510192012094
U21646,2024-09-05 15:19:18.830880,39.07397107969864,-77.91877553141235
A1648,2024-09-05 15:23:38.697000,41.665924739720246,-95.57028668930413
K7881,2024-09-05 15:25:42.643920,35.06474285403879,-84.97056281197422
X61018,2024-09-05 15:26:58.516560,41.06739226691932,-78.21390322624555
V5793,2024-09-05 15:28:19.257000,45.6397735973249,-118.43951977370055
T0649,2024-09-05 15:34:12.475500,41.41291310419516,-95.71100399761129
M6276,2024-09-05 15:35:25.117005,32.677839467997764,-111.62196145049998
K4882,2024-09-05 15:37:11.404200,34.861794062464895,-85.23200705661175
U31019,2024-09-05 15:37:52.626720,41.02883179337389,-78.45490348654225
L41647,2024-09-05 15:39:49.877040,38.87457806630128,-78.2283738030452
R81212,2024-09-05 15:41:06.568560,30.23180297066082,-98.27596775244258
R2650,2024-09-05 15:44:46.254000,41.24413532551048,-95.88623081044264
S9277,2024-09-05 15:46:29.514490,32.78010903238598,-111.31614018854324
C81502,2024-09-05 15:46:53.574000,34.250620468339854,-84.68126517152967
P3794,2024-09-05 15:48:30.978000,45.68055560146093,-118.34104744687644
T11648,2024-09-05 15:50:05.400120,39.11630422891665,-78.41233101743725
R31213,2024-09-05 15:51:10.729095,30.04501132795912,-98.32183601970743
F9651,2024-09-05 15:55:20.032500,41.47604138442399,-95.87186774579403
P1278,2024-09-05 15:57:33.911975,32.86721859919072,-111.41674247959078
K31020,2024-09-05 15:59:40.847040,40.874286139256576,-78.66358717800665
B7883,2024-09-05 16:00:08.924760,34.997870919467104,-85.52405358528578
P61649,2024-09-05 16:00:20.923200,38.76808830556087,-78.4410465661294
G4652,2024-09-05 16:05:53.811000,41.18156394676708,-96.07293759766368
J21650,2024-09-05 16:10:36.446280,39.04011488862043,-78.3602085542216
S2884,2024-09-05 16:11:37.685040,35.03253156171413,-85.35864610192105
Q0653,2024-09-05 16:16:27.589500,41.34720923346252,-95.89438886251988
S51214,2024-09-05 16:21:23.210700,30.400006663440628,-98.74488438506584
S21021,2024-09-05 16:21:29.067360,41.013358979543554,-78.90606264087248
S8885,2024-09-05 16:23:06.445320,34.93539697361214,-85.61004120386679
X01369,2024-09-05 16:23:59.757000,43.73896592346799,-116.71237714151069
O9279,2024-09-05 16:30:47.104430,32.186977383867024,-110.81548647482956
T11651,2024-09-05 16:31:07.492440,38.62562531518872,-78.46161885046759
E0654,2024-09-05 16:37:35.146500,41.03060025926323,-96.1638292172306
P91652,2024-09-05 16:41:23.015520,38.425422006748754,-78.81493850489183
I4280,2024-09-05 16:41:51.501915,32.161924983239246,-110.9191210651695
E61022,2024-09-05 16:43:17.287680,41.408662080806806,-78.99031048234204
F51370,2024-09-05 16:44:23.746200,43.48153884375338,-116.51843152042136
T41503,2024-09-05 16:48:01.718400,34.831677432035555,-85.19445524381368
Y51215,2024-09-05 16:51:35.692305,30.08497633479657,-99.14626668715064
Q51653,2024-09-05 16:51:38.538600,38.51148517837904,-78.63107536673316
Z1281,2024-09-05 16:52:55.899400,32.1111057824805,-110.80827023736305
L8886,2024-09-05 16:57:32.726160,35.27396971512555,-85.90471930622705
S31504,2024-09-05 16:58:13.075800,34.98107698868502,-85.26108236190827
Y5655,2024-09-05 16:58:42.703500,40.85927764696766,-96.16299946185326
K1282,2024-09-05 17:04:00.296885,32.155402159014166,-110.71091883852776
Z01371,2024-09-05 17:04:47.735400,43.42294669134556,-115.87493445265171
X51023,2024-09-05 17:05:05.508000,41.32631820812337,-79.06140429235512
G6656,2024-09-05 17:09:16.482000,40.9159337980002,-96.45539658867028
U2283,2024-09-05 17:15:04.694370,32.16615174394355,-110.6138892898509
G91024,2024-09-05 17:15:59.618160,41.39377292760452,-79.1486357316222
Z9795,2024-09-05 17:19:23.722500,44.81889405955319,-117.99511465687844
Y7657,2024-09-05 17:19:50.260500,40.90936737433164,-96.5885218664242
Z31372,2024-09-05 17:25:11.724600,42.84825389379333,-115.47527761468191
H51505,2024-09-05 17:28:47.148000,34.93312590958825,-85.22213604262382
J3796,2024-09-05 17:29:29.583000,44.72348726060576,-117.47485833726826
C31654,2024-09-05 17:32:40.630920,38.45337157459807,-79.13749181805433
Z31373,2024-09-05 17:35:23.719200,42.757561483262094,-115.35417144017408
F6284,2024-09-05 17:37:13.489340,32.03423356261374,-110.71142466882534
V11025,2024-09-05 17:37:47.838480,41.333322035619645,-79.6161766365345
G51655,2024-09-05 17:42:56.154000,38.37731290930636,-78.88740923976796
W0887,2024-09-05 17:43:27.767280,35.91203483718961,-86.59329367455955
S9285,2024-09-05 17:48:17.886825,31.823830232196155,-110.59849509011194
U81506,2024-09-05 17:49:09.862800,34.82467998670259,-85.48112172646626
F4658,2024-09-05 17:51:31.596000,40.57700397874059,-96.9580778319324
K01507,2024-09-05 17:59:21.220200,34.78923997748487,-85.4781745452878
O9286,2024-09-05 17:59:22.284310,32.06600412112888,-110.43596830311076
F0659,2024-09-05 18:02:05.374500,40.71588563698485,-97.1756118005404
K81656,2024-09-05 18:03:27.200160,37.8882201344628,-79.32724028421721
E3888,2024-09-05 18:06:25.287840,36.41813885591199,-86.98468281640812
K0287,2024-09-05 18:10:26.681795,31.776705178300524,-110.3112408313888
W71657,2024-09-05 18:13:42.723240,38.16290157538776,-79.1309218501153
P3889,2024-09-05 18:17:54.048120,36.32720150504286,-87.08722096585579
O61508,2024-09-05 18:19:43.935000,35.36889220210787,-86.03012086126178
I3797,2024-09-05 18:19:58.885500,44.08581273542822,-117.13298358525242
W7288,2024-09-05 18:21:31.079280,31.86995545937391,-109.8127242279959
M5660,2024-09-05 18:23:12.931500,40.5820422827758,-98.12215056642682
G21658,2024-09-05 18:23:58.246320,37.786541684884085,-79.23654951967013
Z11374,2024-09-05 18:26:23.692200,43.027717247902885,-114.79896108622508
P5890,2024-09-05 18:29:22.808400,36.30569756636417,-87.05294406716655
X7798,2024-09-05 18:30:04.746000,44.26582096084815,-117.02245301339195
Y5289,2024-09-05 18:32:35.476765,32.44535215735663,-109.9673646251548
E21659,2024-09-05 18:34:13.769400,37.88999923175475,-79.16015239104178
Q4891,2024-09-05 18:40:51.568680,36.55139512993848,-87.38858534043207
H01026,2024-09-05 18:43:12.499440,41.41236675092512,-80.42310380832843
M1290,2024-09-05 18:43:39.874250,32.539900948432354,-109.60988249842998
P9661,2024-09-05 18:44:20.488500,40.89069217569843,-98.1868293230484
N11375,2024-09-05 18:46:47.681400,42.49147631094982,-114.78650313289586
W9799,2024-09-05 18:50:16.467000,43.960675457954686,-116.63586130181464
X7892,2024-09-05 18:52:20.328960,36.62614897504678,-87.39500928501378
K21027,2024-09-05 18:54:06.609600,41.05480485943444,-80.54407678709404
X41660,2024-09-05 18:54:44.815560,37.46801090242948,-79.59809836901883
J9662,2024-09-05 18:54:54.267000,40.4791952339064,-98.5894282396014
W21376,2024-09-05 18:56:59.676000,42.42899370717994,-114.49270660447694
B9291,2024-09-05 19:05:48.669220,32.23768903188332,-109.34594750212244
J71377,2024-09-05 19:07:11.670600,42.63501770004868,-114.3062153205176
K3800,2024-09-05 19:10:28.188000,43.52660859835317,-116.45288406905532
Y01509,2024-09-05 19:10:40.722000,35.74161858006906,-86.62861992180919
V2893,2024-09-05 19:15:17.849520,36.65754449963385,-87.81698328105854
X41028,2024-09-05 19:15:54.829920,41.043079706923,-80.81739413963541
F0663,2024-09-05 19:16:01.824000,40.55585497491656,-99.07624867218618
J0292,2024-09-05 19:16:53.066705,32.0544936119602,-109.46420469248147
N11378,2024-09-05 19:17:23.665200,42.42461681422044,-113.91717848304678
H3801,2024-09-05 19:20:34.048500,43.76711151635125,-116.66274976146396
F31510,2024-09-05 19:20:52.079400,36.21871397242307,-86.7999575620865
W31216,2024-09-05 19:22:38.100330,30.976841240762564,-102.10249210258964
J8664,2024-09-05 19:26:35.602500,40.71701138780914,-99.33935133488718
R9894,2024-09-05 19:26:46.609800,36.81910323691149,-88.04433259642607
Y41029,2024-09-05 19:26:48.940080,41.38559185634713,-80.87836979387258
J6802,2024-09-05 19:30:39.909000,43.70040355888257,-116.18698194944456
K71511,2024-09-05 19:31:03.436800,35.91140684598166,-86.92912300646958
Q21217,2024-09-05 19:32:42.260865,31.076749439706788,-102.3189283441285
L9665,2024-09-05 19:37:09.381000,40.73443875689836,-99.84158964829425
N61030,2024-09-05 19:37:43.050240,41.28026912715857,-81.31487680074996
J9293,2024-09-05 19:39:01.861675,32.154271380008765,-108.78800235695816
G8803,2024-09-05 19:40:45.769500,43.64212411208135,-116.07437166169632
A91512,2024-09-05 19:41:14.794200,36.16012969671235,-86.6912936224521
X91661,2024-09-05 19:46:02.430960,37.34284907519798,-79.87799617645763
U81379,2024-09-05 19:47:59.649000,42.74891993898187,-113.59298153871484
X3895,2024-09-05 19:49:44.130360,37.155896580532215,-88.2508846186531
A0294,2024-09-05 19:50:06.259160,32.291688220415146,-108.47710571221025
R5804,2024-09-05 19:50:51.630000,43.56515497098101,-116.0421544283684
O01662,2024-09-05 19:56:17.954040,37.1484823314208,-80.06641294616227
U51031,2024-09-05 19:59:31.270560,41.21055001454032,-81.23495012119517
X4805,2024-09-05 20:00:57.490500,42.934444457898245,-115.70794708733256
U4295,2024-09-05 20:01:10.656645,32.00991200402714,-108.4702963516777
L7896,2024-09-05 20:01:12.890640,37.11056713195746,-88.27914845010953
P11513,2024-09-05 20:01:37.509000,36.34727480548954,-87.0814853757343
W3666,2024-09-05 20:08:50.716500,40.90515114819866,-100.12228286777356
A0806,2024-09-05 20:11:03.351000,42.81658877105503,-115.38330863322558
W01514,2024-09-05 20:11:48.866400,36.52591910985476,-86.83706271114818
M3897,2024-09-05 20:12:41.650920,37.22463033864032,-88.46373902884562
E11218,2024-09-05 20:12:58.903005,30.782639571074306,-103.66430051504842
X1667,2024-09-05 20:19:24.495000,41.08779763351176,-100.5842455928862
H9296,2024-09-05 20:23:19.451615,32.21716168193417,-107.51290693219896
T3898,2024-09-05 20:24:10.411200,36.80143797285322,-88.28030513563557
S61380,2024-09-05 20:28:47.627400,42.08999547640427,-112.83571117151216
Q61515,2024-09-05 20:32:11.581200,36.74746858705958,-87.28300485999904
P91219,2024-09-05 20:33:07.224075,31.116742339741386,-104.24076682972152
J3297,2024-09-05 20:34:23.849100,32.10827284392396,-107.56667319756644
L0899,2024-09-05 20:35:39.171480,36.97347451959403,-88.56198699465384
O91663,2024-09-05 20:37:20.046360,37.40344132728122,-80.48828587591129
P21381,2024-09-05 20:38:59.622000,42.0069048521818,-112.69727617339898
O9668,2024-09-05 20:40:32.052000,40.94929962871191,-101.40047429530269
S8807,2024-09-05 20:41:20.932500,42.74414531402292,-115.48500446822833
Z91516,2024-09-05 20:42:22.938600,36.62449839534917,-87.48881308621831
X1298,2024-09-05 20:45:28.246585,32.28188235751607,-107.52856412296056
X7900,2024-09-05 20:47:07.931760,36.89147000303026,-88.44387960511273
G81382,2024-09-05 20:49:11.616600,41.68211378623801,-112.71714787323766
M6669,2024-09-05 20:51:05.830500,41.192325046437,-101.59415510891198
Q1808,2024-09-05 20:51:26.793000,42.7669362227657,-115.2448006243538
V11032,2024-09-05 20:54:01.821360,41.12931441308887,-82.45549687069946
U7299,2024-09-05 20:56:32.644070,32.487329034682844,-107.04326836419716
S5901,2024-09-05 20:58:36.692040,37.20739485312701,-88.85310850677203
X4809,2024-09-05 21:01:32.653500,42.68533210830024,-115.13362847396787
M41517,2024-09-05 21:02:45.653400,37.07957681817996,-87.70636150675017
M41220,2024-09-05 21:03:19.705680,31.27401394829832,-104.52239638892996
E7300,2024-09-05 21:07:37.041555,32.407967185230945,-106.99786936260766
Y71383,2024-09-05 21:09:35.605800,41.78067758049764,-111.9198658224943
S31664,2024-09-05 21:18:22.138680,37.00413378309341,-80.51046281179268
O9301,2024-09-05 21:18:41.439040,32.487527359721504,-106.71060507339452
C71384,2024-09-05 21:19:47.600400,41.50971279752124,-112.13317362785946
W5902,2024-09-05 21:21:34.212600,37.0152941047614,-88.87203392445358
A0670,2024-09-05 21:22:47.166000,41.2521926004002,-102.3079249772162
P01518,2024-09-05 21:23:08.368200,37.02973834711362,-87.97559770774828
R01221,2024-09-05 21:23:28.026750,30.856894069089886,-104.90437266706331
N31033,2024-09-05 21:26:44.151840,41.48903451162731,-82.97827086694589
U3302,2024-09-05 21:29:45.836525,32.20838849389536,-106.75612299357503
B9903,2024-09-05 21:33:02.972880,37.43249378752184,-88.93563433346813
K21034,2024-09-05 21:37:38.262000,41.47667161234856,-83.55324243125766
L11665,2024-09-05 21:38:53.184840,36.82714041162026,-81.18341335367438
N7303,2024-09-05 21:40:50.234010,31.803005772095435,-106.80448310455982
A3810,2024-09-05 21:41:56.095500,42.54704462552847,-114.36180541499392
J9671,2024-09-05 21:43:54.723000,41.24462757268351,-102.74873957579725
U4904,2024-09-05 21:44:31.733160,37.50323473530526,-88.7385802666636
N71035,2024-09-05 21:48:32.372160,41.435156676865695,-83.55800294100187
R8304,2024-09-05 21:51:54.631495,31.999717860059647,-106.52357521391406
E6811,2024-09-05 21:52:01.956000,42.69233643082828,-114.66643911888808
C1905,2024-09-05 21:56:00.493440,37.73788100571164,-89.18125479813543
W01036,2024-09-05 21:59:26.482320,41.65571336147024,-83.82848967939424
R2812,2024-09-05 22:02:07.816500,42.2493405657181,-114.55192202678413
O4305,2024-09-05 22:02:59.028980,32.00557017235091,-106.26621216556076
F7906,2024-09-05 22:07:29.253720,37.76188862863958,-89.13855988944823
M61385,2024-09-05 22:10:47.573400,41.08668997458211,-111.74509811646
F2813,2024-09-05 22:12:13.677000,42.16826656472593,-114.61773451175829
T0306,2024-09-05 22:14:03.426465,31.61625639397093,-106.55989450986024
M3672,2024-09-05 22:15:36.058500,41.4031765017244,-103.66708638191764
S3907,2024-09-05 22:18:58.014000,37.89718889054843,-88.95938476854191
L41666,2024-09-05 22:19:55.277160,36.84780517130912,-81.35731117059818
J41667,2024-09-05 22:30:10.800240,36.76029513584651,-81.43455478994402
M31386,2024-09-05 22:31:11.562600,41.06402232771009,-111.72284777980452
Q2307,2024-09-05 22:36:12.221435,31.51650762182896,-106.3121547349625
J0673,2024-09-05 22:36:43.615500,41.25852611898243,-104.20711368570002
O41387,2024-09-05 22:41:23.557200,41.06755429117419,-111.38062107867144
X0908,2024-09-05 22:41:55.534560,38.18997064176787,-89.10868394443547
F91222,2024-09-05 22:44:01.311030,31.34167926860476,-105.92403891828694
J4308,2024-09-05 22:47:16.618920,31.644098372522308,-106.19863917752085
V3674,2024-09-05 22:47:17.394000,41.322030416649696,-104.54997171228187
E01668,2024-09-05 22:50:41.846400,36.70878663869631,-81.52347416635826
W01388,2024-09-05 22:51:35.551800,41.32622582737135,-111.01158022767302
N6909,2024-09-05 22:53:24.294840,38.39491806393049,-88.99223762163864
T71037,2024-09-05 22:53:57.033120,41.56116863976091,-84.65947646663471
J51519,2024-09-05 22:54:50.584800,37.05256725597184,-88.67188878600179
C7675,2024-09-05 22:57:51.172500,41.16279583611565,-104.8062160963703
L8309,2024-09-05 22:58:21.016405,31.498724570384287,-105.89515718233764
Q71389,2024-09-05 23:01:47.546400,41.17748928344622,-110.86973916557858
V01038,2024-09-05 23:04:51.143280,41.49984731104005,-85.13280362615613
D6310,2024-09-05 23:09:25.413890,31.53403179348914,-105.84350934128702
H51390,2024-09-05 23:11:59.541000,41.177196693564056,-111.00144389596844
E8814,2024-09-05 23:12:48.840000,41.67102405661476,-114.9734524335589
V6676,2024-09-05 23:18:58.729500,41.20691051543396,-105.5835816747332
O3311,2024-09-05 23:20:29.811375,31.331934712915512,-106.02250677075256
H11669,2024-09-05 23:21:28.415640,36.91373853771071,-81.79134687220188
A51391,2024-09-05 23:22:11.535600,41.20153576477334,-110.7852093055695
W21223,2024-09-05 23:24:17.953170,31.655832110710303,-106.25786692514056
Y11520,2024-09-05 23:25:24.657000,37.49497485202681,-88.9193436410872
O0677,2024-09-05 23:29:32.508000,41.407118140450855,-105.20050804668648
W0312,2024-09-05 23:31:34.208860,31.38192030818545,-105.68218248618648
A81670,2024-09-05 23:31:43.938720,36.93968742337235,-81.85016741848773
V01392,2024-09-05 23:32:23.530200,41.426106449578825,-110.59881291615054
X1815,2024-09-05 23:33:00.561000,41.533712127647945,-114.89929261048862
U21224,2024-09-05 23:34:22.113705,31.869840622978423,-106.33045887587052
N4678,2024-09-05 23:40:06.286500,41.396178606107576,-105.41952564133516
R81671,2024-09-05 23:41:59.461800,36.40924180217683,-82.20245317024322
T1313,2024-09-05 23:42:38.606345,31.150542584804224,-105.64630778295523
Y6816,2024-09-05 23:43:06.421500,41.41563973444162,-114.9529398828445
C81225,2024-09-05 23:44:26.274240,31.71802546947553,-106.42120991282944
I71039,2024-09-05 23:48:27.583920,41.66298175899237,-85.90618287160785
C3817,2024-09-05 23:53:12.282000,41.23795445900774,-115.0639937079766
W2314,2024-09-05 23:53:43.003830,31.12340735144963,-105.2473376715317
Q01040,2024-09-05 23:59:21.694080,41.58276673165008,-86.02672792834792
S3679,2024-09-06 00:01:13.843500,41.468412296474106,-105.90482799781618
Q2910,2024-09-06 00:02:16.856520,38.59385154175247,-90.05703975547475
G91672,2024-09-06 00:02:30.507960,36.792552815237485,-82.50203458529663
V91393,2024-09-06 00:02:59.514000,41.57869416425421,-110.068294602002
T81226,2024-09-06 00:04:34.595310,31.882939222436004,-106.64409410601374
F3315,2024-09-06 00:04:47.401315,31.14648010661042,-105.27868570854412
J71394,2024-09-06 00:13:11.508600,41.78112285205509,-109.4252712896568
W1911,2024-09-06 00:13:45.616800,38.47258122751512,-89.92949596303758
J11227,2024-09-06 00:14:38.755845,32.31822737038644,-106.73848296311664
O3316,2024-09-06 00:15:51.798800,31.112769405814817,-104.86920961206027
Q81521,2024-09-06 00:16:21.444000,37.97825278562647,-89.02207331118646
I31041,2024-09-06 00:21:09.914400,41.59106718137272,-86.2923158426329
O11673,2024-09-06 00:23:01.554120,36.2406133457507,-82.69804833422857
E51395,2024-09-06 00:23:23.503200,41.72509841190811,-109.51866447018084
W6818,2024-09-06 00:23:29.863500,40.54325471804837,-114.78051802626172
Q3317,2024-09-06 00:26:56.196285,30.84267198042533,-104.90494280556324
M31042,2024-09-06 00:32:04.024560,41.81081889596464,-86.50248783860573
R81674,2024-09-06 00:33:17.077200,36.24698072057355,-82.62099762641029
R5819,2024-09-06 00:33:35.724000,40.18812583410835,-114.87635620069284
C3318,2024-09-06 00:38:00.593770,31.06296524963458,-104.82695843040968
H11043,2024-09-06 00:42:58.134720,41.82988445258169,-86.6881986612485
W3680,2024-09-06 00:43:28.957500,41.53825622592831,-106.87764876053495
F71675,2024-09-06 00:43:32.600280,36.23052043403565,-82.72803559352471
K31522,2024-09-06 00:46:55.516200,38.11670935888881,-88.85202677227095
T4912,2024-09-06 00:48:11.897640,38.92050038332693,-90.2920974242437
M6820,2024-09-06 00:53:47.445000,39.9857732517608,-114.65021840566124
T91676,2024-09-06 00:53:48.123360,36.33706943668662,-83.28168147071159
T81044,2024-09-06 00:53:52.244880,41.613138373086464,-86.72485045635925
C1319,2024-09-06 01:00:09.388740,31.28033097549756,-104.18566501904104
Z6821,2024-09-06 01:03:53.305500,39.99324600477103,-114.81799465411623
E61523,2024-09-06 01:07:18.231000,38.41859164372812,-89.15430395987353
G6913,2024-09-06 01:11:09.418200,38.51456447493421,-90.308675583591
M1320,2024-09-06 01:11:13.786225,30.943851483778417,-104.4398888716366
U91396,2024-09-06 01:14:23.476200,41.58694028501907,-108.1055029143054
H31228,2024-09-06 01:15:03.719055,32.26127396129652,-107.9256642047908
R1321,2024-09-06 01:22:18.183710,31.027211664632773,-104.24719819301744
F9914,2024-09-06 01:22:38.178480,38.691768935277786,-90.37876115255708
C91677,2024-09-06 01:24:34.692600,36.11393509204745,-83.74624027868128
Q31229,2024-09-06 01:25:07.879590,32.24290774715928,-108.30995923621948
Z01524,2024-09-06 01:27:40.945800,38.61273636130919,-89.4809631388982
B5322,2024-09-06 01:33:22.581195,31.17505633408778,-104.22271202629938
N4915,2024-09-06 01:34:06.938760,38.74500709182171,-90.425707618724
R6822,2024-09-06 01:34:10.887000,39.40647957336599,-114.9507109648107
U91045,2024-09-06 01:37:28.685520,41.8143980645446,-87.12343614782789
R3777,2024-09-06 01:44:16.747500,39.033587494287495,-114.89787071082034
B41397,2024-09-06 01:44:59.460000,41.78878373517294,-107.10334263990951
F81678,2024-09-06 01:45:05.738760,35.650951373788985,-84.21916449239727
M9916,2024-09-06 01:45:35.699040,38.9400125071568,-90.66950915481632
J1681,2024-09-06 01:46:51.628500,41.894197091995714,-109.06058627057796
E11525,2024-09-06 01:48:03.660600,38.285512293000906,-89.63307894457289
Z8778,2024-09-06 01:54:22.608000,39.39825024782745,-114.8733726233599
X61679,2024-09-06 01:55:21.261840,35.61821161013424,-84.32934118121374
W9917,2024-09-06 01:57:04.459320,39.04998683011618,-91.058608367356
J4682,2024-09-06 01:57:25.407000,41.839502768401765,-108.95722708133232
I91526,2024-09-06 01:58:15.018000,38.77646508663242,-89.71758447282654
L91046,2024-09-06 01:59:16.905840,41.61425527462107,-87.34015388836757
P7323,2024-09-06 02:06:35.773650,31.03455711154741,-102.966606571895
F2918,2024-09-06 02:08:33.219600,38.56702382982044,-91.08938035242224
H61047,2024-09-06 02:10:11.016000,41.49912274434689,-87.32232748973786
Q91230,2024-09-06 02:15:28.682265,32.23866198940434,-109.32316290132806
Q0324,2024-09-06 02:17:40.171135,30.7455106868827,-103.12998764747812
R1919,2024-09-06 02:20:01.979880,38.95687547833042,-91.09993068844766
T01048,2024-09-06 02:21:05.126160,41.9337317055633,-87.63016999722716
U41680,2024-09-06 02:26:07.831080,35.900235018173206,-84.7484893985474
N91527,2024-09-06 02:28:49.090200,38.65048902739821,-89.93634449494012
M1920,2024-09-06 02:31:30.740160,38.88215898003027,-91.47189947815636
M01398,2024-09-06 02:35:59.433000,41.18748854232535,-105.67492385087388
B81681,2024-09-06 02:36:23.354160,36.23622210058394,-84.8931447549427
G5683,2024-09-06 02:39:40.521000,41.51452840839516,-110.10394719046808
E4325,2024-09-06 02:39:48.966105,30.652328082901747,-102.40116686068345
X2921,2024-09-06 02:42:59.500440,38.83816583971854,-91.37515130277517
G2779,2024-09-06 02:44:51.910500,38.6389457354285,-115.09038762130632
C01682,2024-09-06 02:46:38.877240,36.35239200042116,-85.19125347788305
T8684,2024-09-06 02:50:14.299500,41.42940321756022,-110.2038786320914
K9326,2024-09-06 02:50:53.363590,30.616069760291754,-101.91267704899208
O6922,2024-09-06 02:54:28.260720,38.94442302115702,-91.57979409079518
J81231,2024-09-06 02:55:45.324405,32.424993136362666,-109.7965737810008
C01683,2024-09-06 02:56:54.400320,36.31810926855153,-85.55485137455425
X2685,2024-09-06 03:00:48.078000,41.39075758382906,-110.87242127567222
N6327,2024-09-06 03:01:57.761075,30.562709742642696,-101.94028979569065
Y0780,2024-09-06 03:05:03.631500,38.22361382654018,-114.9121157652747
D61232,2024-09-06 03:05:49.484940,31.839667342462857,-110.2855712433818
M6686,2024-09-06 03:11:21.856500,41.27721528122956,-111.02201602867348
U4781,2024-09-06 03:15:09.492000,37.99389072679157,-114.86856062172652
R71233,2024-09-06 03:15:53.645475,31.74806775388451,-110.16664354755478
D8923,2024-09-06 03:17:25.781280,39.110352951387895,-92.049145752502
R81528,2024-09-06 03:19:45.877200,38.63438679150229,-90.37601693910172
V51234,2024-09-06 03:25:57.806010,32.14494917574401,-110.55839688123726
Y21049,2024-09-06 03:26:29.787120,41.96521266016739,-87.87662412645578
T31399,2024-09-06 03:26:59.406000,41.12374526030023,-105.23405281627852
E81684,2024-09-06 03:27:40.969560,36.05708732716412,-85.8292304924959
M51529,2024-09-06 03:29:57.234600,38.5807303511759,-90.30011859911886
H2687,2024-09-06 03:32:29.413500,41.34438035362907,-111.23392588542414
S3328,2024-09-06 03:35:10.953530,30.79470704518249,-101.06462684611049
M7782,2024-09-06 03:35:21.213000,37.819646974932,-115.0442543573428
M31235,2024-09-06 03:36:01.966545,31.74897303333161,-110.38190980769096
Q61685,2024-09-06 03:37:56.492640,36.34850134228818,-86.25406835370877
O7924,2024-09-06 03:40:23.301840,38.92521537442511,-92.39010381435423
I2783,2024-09-06 03:45:27.073500,37.94328411008742,-114.7900649535844
M91236,2024-09-06 03:46:06.127080,31.85042966417073,-110.45600194465555
P1329,2024-09-06 03:46:15.351015,30.618233491027567,-100.75377256611046
T11686,2024-09-06 03:48:12.015720,36.03803884044599,-86.91381768546893
S41530,2024-09-06 03:50:19.949400,38.92100704004451,-90.77002857117866
J3688,2024-09-06 03:53:36.970500,40.76719843543368,-111.4653906556645
C31400,2024-09-06 03:57:35.389800,41.03138757310349,-104.28160146433864
V91687,2024-09-06 03:58:27.538800,36.29922315074584,-86.81492037938276
S81050,2024-09-06 03:59:12.117600,42.47176643183761,-89.1416428315629
J61531,2024-09-06 04:00:31.306800,38.90071527206484,-90.47996375019676
N9689,2024-09-06 04:04:10.749000,40.98770983029944,-111.47304166904138
D11401,2024-09-06 04:07:47.384400,41.14696818227644,-103.70189946188282
J51688,2024-09-06 04:08:43.061880,36.09323272379943,-87.0100160646905
Y51051,2024-09-06 04:10:06.227760,42.397413131267975,-88.80083890719467
L0690,2024-09-06 04:14:44.527500,40.74806191472491,-111.45025230739894
B3784,2024-09-06 04:15:44.655000,37.5765364119632,-115.31605181740488
M31237,2024-09-06 04:16:18.608685,32.31090435825257,-111.06290676842036
W41402,2024-09-06 04:17:59.379000,41.2327686979763,-103.364506764058
W6330,2024-09-06 04:19:28.543470,30.4208311844472,-99.79634593438595
L31532,2024-09-06 04:20:54.021600,39.02404164622813,-90.81813894441676
L0785,2024-09-06 04:25:50.515500,37.62492961514095,-115.4399611955325
O2925,2024-09-06 04:26:18.342960,38.85817610782119,-93.49381072003791
B41689,2024-09-06 04:29:14.108040,35.90624477880863,-86.95529685580313
Q8926,2024-09-06 04:37:47.103240,39.14920914251978,-93.65314801796389
R81052,2024-09-06 04:42:48.558240,42.99924530360644,-89.04006418235338
R1786,2024-09-06 04:46:02.236500,37.26584235963282,-114.9581516919548
B5691,2024-09-06 04:46:25.863000,40.85682685954969,-111.98165012522573
O91238,2024-09-06 04:46:31.090290,32.34155221661892,-111.03019749729816
C1927,2024-09-06 04:49:15.863520,39.01377891138544,-93.74363312508682
G4250,2024-09-06 04:52:41.735925,30.224538985368696,-99.506370065545
W2787,2024-09-06 04:56:08.097000,37.41282318728206,-114.93954332449944
T51403,2024-09-06 04:58:47.357400,41.01425699931466,-102.4204952912362
T31690,2024-09-06 05:00:00.677280,35.62004955783221,-87.87311690606701
J2251,2024-09-06 05:03:46.133410,30.4216132060678,-99.49558834839392
B51053,2024-09-06 05:04:36.778560,42.99892844817301,-89.2051290589187
J2928,2024-09-06 05:12:13.384080,39.24704024977315,-94.4328859528188
U4252,2024-09-06 05:14:50.530895,30.330271356795578,-99.16592714121607
K2788,2024-09-06 05:16:19.818000,36.98710345492643,-115.14734336703148
M51239,2024-09-06 05:16:43.571895,32.69918638298728,-111.21577542044652
C9692,2024-09-06 05:18:07.198500,40.79066453094544,-112.07070682508244
O11404,2024-09-06 05:19:11.346600,41.01684572005984,-101.59334728123358
X2929,2024-09-06 05:23:42.144360,39.22672225949941,-94.87663163766896
T7253,2024-09-06 05:25:54.928380,30.19597124651454,-99.23235375027586
C6789,2024-09-06 05:26:25.678500,36.96971108865901,-114.915699662326
Y61240,2024-09-06 05:26:47.732430,32.61280880982768,-111.63851837840788
A0693,2024-09-06 05:28:40.977000,40.5894051569009,-112.94191039297876
F21691,2024-09-06 05:30:47.246520,35.50380897294923,-89.53996550593955
R61533,2024-09-06 05:32:13.523400,38.95706697425143,-91.96718850209842
Z5254,2024-09-06 05:36:59.325865,30.10194480302422,-98.92133432942828
I11054,2024-09-06 05:37:19.109040,43.44878860716394,-89.3681622527506
T8694,2024-09-06 05:39:14.755500,40.651918538831794,-113.24723736289928
H91405,2024-09-06 05:39:35.335800,41.35527443017115,-101.61416408385485
C11534,2024-09-06 05:42:24.880800,39.064767109304775,-92.2996946351942
Q8790,2024-09-06 05:46:37.399500,36.62508053576032,-114.92197055066023
B9255,2024-09-06 05:48:03.723350,29.96896402370508,-99.05325391897802
G41055,2024-09-06 05:48:13.219200,43.70473731388159,-89.39816790501085
M4695,2024-09-06 05:49:48.534000,40.57977927750659,-114.21321475501324
I2930,2024-09-06 05:58:08.425200,38.9168288730472,-94.98712672961403
D41056,2024-09-06 05:59:07.329360,43.55853467685303,-89.7700460723011
Y0623,2024-09-06 06:00:22.312500,40.61336457392861,-114.04605486763224
G01535,2024-09-06 06:02:47.595600,38.87790762909403,-92.6124080716019
Z01241,2024-09-06 06:07:04.374570,33.54893909781071,-112.21119354823333
O5931,2024-09-06 06:09:37.185480,38.77863870520263,-95.24176186465358
W21057,2024-09-06 06:10:01.439520,43.35639762338961,-89.92791009860667
A8624,2024-09-06 06:10:56.091000,41.03822948145632,-114.22427932400832
J61692,2024-09-06 06:11:49.338840,35.085249429982554,-90.02650275126173
B01536,2024-09-06 06:12:58.953000,38.735820508135866,-93.11957918184184
P9791,2024-09-06 06:16:54.981000,36.38215208303279,-114.90424431309086
T0932,2024-09-06 06:21:05.945760,39.13290974688609,-95.30167917810256
L41242,2024-09-06 06:27:12.695640,33.53340248345599,-111.82195344108052
H7625,2024-09-06 06:32:03.648000,40.88179599412443,-114.45625556031412
N8256,2024-09-06 06:32:21.313290,29.7227915350032,-98.88280509995906
N6933,2024-09-06 06:32:34.706040,39.21075285687333,-95.41447066891008
I7257,2024-09-06 06:43:25.710775,29.777151771985533,-98.49327997737107
E81537,2024-09-06 06:43:33.025200,38.93993399325374,-93.74413443892648
P0934,2024-09-06 06:44:03.466320,39.16417938900682,-95.53085703151896
E51406,2024-09-06 06:50:59.298000,40.80078377590294,-99.33634820788043
G8626,2024-09-06 06:53:11.205000,40.88393860039262,-115.41797908937342
Z5258,2024-09-06 06:54:30.108260,29.720350230809032,-98.56837586239048
P9935,2024-09-06 06:55:32.226600,39.28607140400473,-95.69296576895374
D0627,2024-09-06 07:03:44.983500,41.08861150622422,-115.69546455101596
J51538,2024-09-06 07:03:55.740000,39.022831267206485,-94.05467402329823
T31058,2024-09-06 07:04:31.990320,44.18538851408854,-90.48264476582912
P91693,2024-09-06 07:13:22.477320,34.59417452058383,-92.0221644249104
G61059,2024-09-06 07:15:26.100480,43.95240955675747,-90.8561804454988
S1259,2024-09-06 07:16:38.903230,29.505201101141203,-98.2809897860445
D1936,2024-09-06 07:18:29.747160,38.93490753378397,-96.40283089686346
E01407,2024-09-06 07:21:35.281800,40.60570345944323,-99.02381728434082
Y61694,2024-09-06 07:23:38.000400,34.92490979790525,-92.50753802221917
D8260,2024-09-06 07:27:43.300715,29.34746867269435,-98.16843072663904
D71408,2024-09-06 07:31:47.276400,40.58328128086583,-98.80854380361592
O81695,2024-09-06 07:33:53.523480,34.44238980375885,-92.37598910316493
X01243,2024-09-06 07:37:41.819385,33.3372474270748,-112.84179083242746
P0261,2024-09-06 07:38:47.698200,29.470631428679432,-98.27857844944118
E71630,2024-09-06 07:44:09.046560,34.80719473466104,-92.27573488984712
I21539,2024-09-06 07:44:41.169600,38.96819342119578,-94.45130901611222
F5628,2024-09-06 07:46:00.097500,40.76946172256293,-116.34423157099027
Y01060,2024-09-06 07:48:08.430960,44.09036768387769,-91.39066278393406
D3262,2024-09-06 07:49:52.095685,29.409366512167622,-98.27901734639046
S61409,2024-09-06 07:52:11.265600,40.70047216344955,-97.8699603184802
X3937,2024-09-06 07:52:56.028000,38.874720335943344,-96.72480610945904
D31540,2024-09-06 07:54:52.527000,39.29649058876051,-94.8549894510474
F3629,2024-09-06 07:56:33.876000,40.698993430102334,-116.08381612248728
P71244,2024-09-06 07:57:50.140455,33.48357591352676,-113.43368817298236
I51631,2024-09-06 08:04:40.092720,34.607507576061096,-92.78295572483351
T61541,2024-09-06 08:05:03.884400,39.33114089240653,-94.59947672749476
S51061,2024-09-06 08:09:56.651280,44.16922247051096,-91.83664005450368
N6263,2024-09-06 08:12:00.890655,29.661936767519627,-97.8600738121575
D51632,2024-09-06 08:14:55.615800,34.43507653284807,-93.07176842948752
I31245,2024-09-06 08:17:58.461525,33.80648929507294,-114.19538439028294
J21062,2024-09-06 08:20:50.761440,43.751132087954666,-92.1598613685316
O61410,2024-09-06 08:22:47.249400,40.99705234143497,-97.030312916852
R9264,2024-09-06 08:23:05.288140,29.560349393561825,-97.5490463810399
A11633,2024-09-06 08:25:11.138880,33.909020263705365,-93.30680589500425
C6938,2024-09-06 08:27:22.308840,38.785675268890174,-97.87223200210332
I71246,2024-09-06 08:28:02.622060,33.816061362616786,-114.366748511963
K3265,2024-09-06 08:34:09.685625,29.50455464938756,-97.22237316010624
P31634,2024-09-06 08:35:26.661960,33.725499921422006,-93.2909415916376
B5939,2024-09-06 08:38:51.069120,38.805228068790655,-97.9066987250294
H61063,2024-09-06 08:42:38.981760,43.46264065854589,-93.00072582849812
W4266,2024-09-06 08:45:14.083110,29.46293276839552,-96.81661143196132
F7630,2024-09-06 08:49:22.768500,40.82499637022243,-117.566886720335
Y3940,2024-09-06 08:50:19.829400,38.85154611786908,-98.24582362217724
H41064,2024-09-06 08:53:33.091920,43.50548872375138,-93.07555470626804
W9267,2024-09-06 08:56:18.480595,29.830790562591982,-96.37808075861788
D0631,2024-09-06 08:59:56.547000,40.882044846219934,-117.57564443567864
V41065,2024-09-06 09:04:27.202080,43.479533407231095,-93.05127595447748
J51635,2024-09-06 09:06:13.231200,33.37434403502024,-94.00330916309392
K3268,2024-09-06 09:07:22.878080,29.74148924499611,-96.1002621298688
E5632,2024-09-06 09:10:30.325500,40.97858591760236,-117.75901042994722
T4874,2024-09-06 09:13:17.349960,39.03719816457059,-98.91057752307132
G41411,2024-09-06 09:13:47.222400,40.82106332553301,-96.43237440574931
F61636,2024-09-06 09:16:28.754280,33.37771939335264,-94.06357998841456
N01247,2024-09-06 09:18:23.424735,33.46682452685457,-115.87738431450197
T6269,2024-09-06 09:18:27.275565,29.926626680407868,-95.79898487062653
C1875,2024-09-06 09:24:46.110240,38.6894775326858,-99.54335806033664
H31542,2024-09-06 09:26:34.743600,40.25502152679693,-95.48803175231646
C91637,2024-09-06 09:26:44.277360,33.44351510819713,-94.48216111487169
P0270,2024-09-06 09:29:31.673050,29.593508840423283,-95.68155956864688
G2876,2024-09-06 09:36:14.870520,39.149222677632885,-99.7000261011564
G51543,2024-09-06 09:36:46.101000,40.34357503060692,-95.56081563105258
J71638,2024-09-06 09:36:59.800440,33.201200323975684,-94.7234626554336
J1633,2024-09-06 09:42:11.661000,40.70843045813283,-118.1647243328325
G81639,2024-09-06 09:47:15.323520,32.97668299281161,-94.95163735156795
U2877,2024-09-06 09:47:43.630800,39.24901257242395,-99.86886101067212
Z7634,2024-09-06 09:52:45.439500,40.27757154704428,-118.15440835575384
K91412,2024-09-06 09:54:35.200800,40.678406537635375,-95.8994369916834
Y81248,2024-09-06 09:58:40.066875,33.79913016980148,-116.38238314357162
B21066,2024-09-06 09:58:57.752880,43.78634558727863,-94.62637749306066
J4271,2024-09-06 10:02:44.865505,29.77430645966343,-95.4840064374102
G8635,2024-09-06 10:03:19.218000,40.23429970132278,-118.5272457920302
Y91067,2024-09-06 10:09:51.863040,43.5010103632869,-95.0368360720766
A4878,2024-09-06 10:10:41.151360,39.09264943728389,-101.09376076658836
Z9272,2024-09-06 10:13:49.262990,29.55016216963406,-95.39203467517328
S5636,2024-09-06 10:13:52.996500,39.987117676876096,-118.67112876932669
X91544,2024-09-06 10:17:31.530600,40.46859868814908,-96.24546044229623
O71068,2024-09-06 10:20:45.973200,43.493242590391056,-95.55804361108834
Y0879,2024-09-06 10:22:09.911640,39.20423508855163,-101.07440926214608
F4637,2024-09-06 10:24:26.775000,39.82572147909643,-118.78205883726449
N6273,2024-09-06 10:24:53.660475,29.594652497608564,-95.25588569910266
K11413,2024-09-06 10:25:11.184600,40.0620001580021,-95.5221941129548
Q51249,2024-09-06 10:28:52.548480,34.09094400003666,-117.08578646947684
U4880,2024-09-06 10:33:38.671920,39.2671363930256,-101.48260276634235
P31250,2024-09-06 10:38:56.709015,33.84079385755839,-116.89969863267564
G01414,2024-09-06 10:45:35.173800,40.22434092317443,-95.44914326185206
F01415,2024-09-06 10:55:47.168400,40.204781133329945,-94.84265888571092
A9638,2024-09-06 10:56:08.110500,39.50129779006079,-118.8523701773625
K7881,2024-09-06 10:56:36.192480,39.33356083608405,-102.26397831288452
P21416,2024-09-06 11:05:59.163000,39.8202290390688,-94.88870650453376
F0639,2024-09-06 11:06:41.889000,39.80345760229494,-119.41733068197112
K4882,2024-09-06 11:08:04.952760,39.39824177705712,-102.29195767541609
P4640,2024-09-06 11:17:15.667500,39.47995785290514,-119.21637200021937
J01251,2024-09-06 11:19:13.351155,33.88087711264578,-117.08130109629803
B7883,2024-09-06 11:19:33.713040,39.43140671967824,-102.87021574630975
A31069,2024-09-06 11:26:10.634160,43.82763150345285,-97.94329008791412
C81417,2024-09-06 11:26:23.152200,39.87367557280401,-95.0030806777534
Z6641,2024-09-06 11:27:49.446000,39.43909112406338,-119.51961560140224
S2884,2024-09-06 11:31:02.473320,39.48778449259644,-103.51166047401811
E21070,2024-09-06 11:37:04.744320,43.61305631349688,-98.55885346171183
E2642,2024-09-06 11:38:23.224500,39.71223663471468,-119.321017471251
R81640,2024-09-06 11:40:06.077400,32.587363319646315,-96.92010188491795
W31418,2024-09-06 11:46:47.141400,39.27609599576271,-94.59567167974988
L2643,2024-09-06 11:48:57.003000,39.82924153248318,-119.6806669697325
T21641,2024-09-06 11:50:21.600480,32.58996483172051,-96.62568207052132
C51419,2024-09-06 11:56:59.136000,39.27168732269296,-94.5289049557062
W21252,2024-09-06 11:59:29.993295,34.35566298821931,-117.7945466802412
Q41642,2024-09-06 12:00:37.123560,32.66474261777981,-96.93480837624544
S8885,2024-09-06 12:05:28.754160,39.62151018235102,-103.84860870436188
V91253,2024-09-06 12:09:34.153830,34.36310612808892,-117.9344452199658
H01545,2024-09-06 12:09:36.462000,41.01611070561223,-97.52204063276967
E81071,2024-09-06 12:09:47.074800,43.578156562255344,-99.08560538858472
J2644,2024-09-06 12:10:04.560000,39.3845177200084,-119.41189601663882
I81643,2024-09-06 12:10:52.646640,32.434651521553484,-96.87805528356444
A41546,2024-09-06 12:19:47.819400,40.6894847900122,-98.0330542169757
O2645,2024-09-06 12:20:38.338500,39.72302350204672,-119.3646650384917
B11072,2024-09-06 12:31:35.295120,43.93607174252311,-99.67393364604251
F4646,2024-09-06 12:41:45.895500,39.6045057734026,-119.83186886821974
J61073,2024-09-06 12:42:29.405280,43.74574943800597,-99.62196773271052
D71254,2024-09-06 12:49:50.795970,34.35115401497348,-118.20941289152113
A21547,2024-09-06 12:50:21.891600,40.88352186506533,-98.4617687272346
W61644,2024-09-06 12:51:54.738960,32.30471151940725,-96.9655677788115
Y01074,2024-09-06 12:53:23.515440,44.05693050960781,-100.22511569494722
V31548,2024-09-06 13:00:33.249000,40.85277018327336,-99.03394677556122
L8886,2024-09-06 13:02:52.555560,39.51298406570624,-104.89422566997231
P11420,2024-09-06 13:08:23.098200,39.1204810166115,-93.69081429022307
G31255,2024-09-06 13:09:59.117040,34.22812141818425,-118.08603708146276
U91645,2024-09-06 13:12:25.785120,31.81034845308344,-97.1090211512648
W0887,2024-09-06 13:14:21.315840,39.84181657154672,-104.71914797269662
U21646,2024-09-06 13:22:41.308200,31.68151745928544,-96.89352701209728
E3888,2024-09-06 13:25:50.076120,39.59600969714672,-104.76508651251235
L41647,2024-09-06 13:32:56.831280,31.827610496652163,-97.33129987554764
G1647,2024-09-06 13:34:34.788000,39.43011061829758,-119.94743262915618
I31075,2024-09-06 13:36:59.956080,43.8280392751832,-101.68551347660038
P3889,2024-09-06 13:37:18.836400,39.80044639293023,-104.82815427508837
F91421,2024-09-06 13:38:59.082000,39.18343310519429,-93.46399532267752
A1648,2024-09-06 13:45:08.566500,39.35251066956718,-120.20612053330156
Z11076,2024-09-06 13:47:54.066240,43.80857854881589,-102.42614099566396
D21549,2024-09-06 13:51:30.036000,41.078762023466,-100.1669775752102
T11648,2024-09-06 13:53:27.877440,31.41150160175712,-97.4424444878064
E11077,2024-09-06 13:58:48.176400,43.82354841623455,-102.48348895782183
X01350,2024-09-06 13:59:23.071200,39.06921600913386,-93.20826686572973
H71550,2024-09-06 14:01:41.393400,41.00757602212834,-100.53235690152854
P61649,2024-09-06 14:03:43.400520,31.074232389024274,-97.3753524315098
S21256,2024-09-06 14:10:24.080250,34.454678795901984,-118.584027432076
M01551,2024-09-06 14:11:52.750800,40.87117339723024,-100.72221766165784
J21650,2024-09-06 14:13:58.923600,30.949169328094417,-97.14582528641849
T0649,2024-09-06 14:16:49.902000,39.37438489552108,-120.17879948446244
U41552,2024-09-06 14:22:04.108200,41.34642746410303,-100.72036280813975
T11651,2024-09-06 14:24:14.446680,30.83613772509427,-97.22591550351146
R2650,2024-09-06 14:37:57.459000,39.31841780714393,-120.09370601214164
B71351,2024-09-06 14:40:11.049600,39.02441381953481,-92.11105389298538
V11078,2024-09-06 14:42:24.617040,44.40943930790719,-103.27922332191154
M01553,2024-09-06 14:42:26.823000,40.951234130577966,-101.26458590929236
P91652,2024-09-06 14:44:45.492840,30.742997977654177,-97.82163248298316
F9651,2024-09-06 14:48:31.237500,39.43608838833652,-120.37856973122037
Q51079,2024-09-06 14:53:18.727200,44.66479598017934,-103.80573823217586
G4652,2024-09-06 14:59:05.016000,39.17681357308117,-120.1451518098513
Q0653,2024-09-06 15:09:38.794500,39.51775948078318,-120.41274247944784
V11554,2024-09-06 15:13:00.895200,40.89357133114655,-101.90244497284
S21000,2024-09-06 15:15:06.947520,44.78878566729395,-103.92538689872006
Q51653,2024-09-06 15:15:32.062080,30.33018346189485,-97.79110650920796
E0654,2024-09-06 15:20:12.573000,39.47382479897663,-120.318479264727
X01352,2024-09-06 15:20:59.028000,39.0758154232216,-91.2429571150878
I21001,2024-09-06 15:26:01.057680,44.47968003517891,-103.81450492257632
Y5655,2024-09-06 15:30:46.351500,39.44525618949862,-120.10767709583408
Y71257,2024-09-06 15:30:57.364530,35.272490403233334,-119.2829243716683
Q11002,2024-09-06 15:36:55.167840,44.803447980392086,-104.33514739843046
G6656,2024-09-06 15:41:20.130000,39.08875379628561,-120.4440650663543
Y7657,2024-09-06 15:51:53.908500,39.29510434646719,-120.39164545711998
L21555,2024-09-06 15:53:46.324800,40.95014898763907,-102.98003011595084
Y21258,2024-09-06 16:01:09.846135,36.23466678709234,-120.38599678626436
F4658,2024-09-06 16:02:27.687000,39.36108321216564,-120.72406938010732
A31259,2024-09-06 16:11:14.006670,36.7598393731118,-120.63142528090737
K41556,2024-09-06 16:14:09.039600,41.34955611811742,-104.06827290487983
B11353,2024-09-06 16:22:10.995600,38.94420318854992,-90.78285191848244
F0659,2024-09-06 16:23:35.244000,39.35731085484122,-120.57147156813238
Q51260,2024-09-06 16:31:22.327740,37.07800889044503,-121.18255724362577
S61003,2024-09-06 16:31:25.718640,45.341585412145534,-106.16202929089788
M5660,2024-09-06 16:34:09.022500,39.52691482319372,-120.86487841398076
J21004,2024-09-06 16:42:19.828800,45.4159452864928,-106.42381664592163
P9661,2024-09-06 16:44:42.801000,39.24986949329541,-120.59883166431383
B31557,2024-09-06 16:54:54.469200,41.27972184035182,-105.07801903498844
N41005,2024-09-06 17:04:08.049120,45.679888568119495,-106.55493254499378
J9662,2024-09-06 17:05:50.358000,39.446711866255335,-120.77787697738133
N51354,2024-09-06 17:13:10.968600,38.89164729102958,-90.3547731138514
V41006,2024-09-06 17:15:02.159280,45.725372236163366,-106.59391497094376
T91558,2024-09-06 17:15:17.184000,41.00510954290274,-105.23263069644588
N81559,2024-09-06 17:25:28.541400,41.05981916506439,-105.37364394768548
R41007,2024-09-06 17:25:56.269440,45.39574901083952,-106.86455004007892
F0663,2024-09-06 17:26:57.915000,39.18654938905276,-120.82044314191344
M11008,2024-09-06 17:36:50.379600,45.38255273443778,-106.98228938427694
E11560,2024-09-06 17:45:51.256200,41.29998510391028,-105.96951943554184
W61355,2024-09-06 17:53:58.947000,38.73626166291995,-90.19165846006048
X01561,2024-09-06 17:56:02.613600,41.54904026352256,-106.08556576656125
B31356,2024-09-06 18:04:10.941600,38.39848670432488,-89.82289165779011
J01261,2024-09-06 18:12:03.933090,37.089526841718175,-121.30954148250662
U91357,2024-09-06 18:14:22.936200,38.60716274413247,-89.62282244633396
J8664,2024-09-06 18:19:46.807500,39.11811894392438,-121.07099703312105
X91009,2024-09-06 18:31:20.930400,45.757182044047205,-108.52193735292536
U71262,2024-09-06 18:32:12.254160,37.37363761226315,-121.90410004782431
T21358,2024-09-06 18:34:46.925400,38.59180639777041,-89.7324394455479
L9665,2024-09-06 18:40:54.364500,38.74879176557962,-121.5590885274252
W3666,2024-09-06 18:51:28.143000,38.42112195097474,-121.35426160836792
C11010,2024-09-06 18:53:09.150720,45.66076301764393,-108.7762421997666
N31562,2024-09-06 18:57:10.758000,41.77161539478919,-107.3012224054125
J41263,2024-09-06 19:02:24.735765,37.28009745057393,-121.6952335128262
P21011,2024-09-06 19:04:03.260880,45.8036693087494,-109.29586944404606
L61012,2024-09-06 19:14:57.371040,45.64401356351114,-109.53982571425904
M81563,2024-09-06 19:17:33.472800,41.58897077481127,-108.36562340590145
B51013,2024-09-06 19:25:51.481200,45.87255323203757,-109.87643034622955
P91359,2024-09-06 19:46:10.887600,38.2140607389228,-88.979108865729
K91360,2024-09-06 19:56:22.882200,38.10853921275177,-88.7163757935145
J71564,2024-09-06 19:58:18.902400,41.71225741952558,-109.46045028559004
N11361,2024-09-06 20:06:34.876800,37.97421715281745,-88.93021169274813
Y21565,2024-09-06 20:18:41.617200,41.624383690069024,-110.21471844282014
C01014,2024-09-06 20:20:22.032000,45.50350669956675,-111.04157143477066
B81015,2024-09-06 20:31:16.142160,45.784470219705305,-110.96090770420795
S01016,2024-09-06 20:42:10.252320,45.72354489648451,-111.2203588043364
H11362,2024-09-06 20:47:22.855200,37.27357787320493,-88.78178247725481
N71017,2024-09-06 20:53:04.362480,46.06357208558833,-111.54416159482092
I81363,2024-09-06 20:57:34.849800,37.45618772320122,-88.98501779507215
X61018,2024-09-06 21:03:58.472640,45.69100249122455,-112.12327720528704
F41566,2024-09-06 21:09:38.404200,41.46577865237074,-110.85318986688914
H61364,2024-09-06 21:17:58.839000,37.14904863385962,-88.66683113785264
U31019,2024-09-06 21:25:46.692960,45.835460113234966,-112.42286201184346
K31020,2024-09-06 21:36:40.803120,46.13679805228915,-112.74874876659143
S21021,2024-09-06 21:47:34.913280,46.03598017730413,-112.62706500241308
E61022,2024-09-06 21:58:29.023440,46.46658434524022,-112.6661192460799
T91365,2024-09-06 21:58:46.817400,37.080748154118645,-88.58724155560003
V01366,2024-09-06 22:08:58.812000,37.01015565041847,-88.35424795613474
O61367,2024-09-06 22:19:10.806600,37.19214788716377,-88.32326904101643
Z21567,2024-09-06 22:20:57.906000,40.89132633528767,-111.77069685843418
U21368,2024-09-06 22:29:22.801200,37.23223663103719,-87.98960018445617
X51023,2024-09-06 22:31:11.353920,46.64942353669584,-113.4206532305384
X01369,2024-09-06 22:39:34.795800,37.29169337328341,-87.9315379046921
F51370,2024-09-06 22:49:46.790400,36.865720814721456,-88.06916669654426
N61568,2024-09-06 22:51:31.978200,41.78988063087525,-112.05090441868968
G91024,2024-09-06 22:52:59.574240,46.93143693996138,-113.53066796412725
V11025,2024-09-06 23:03:53.684400,46.95261185981329,-113.58391974985746
Z01371,2024-09-06 23:10:10.779600,36.96362139132879,-87.8627035246432
C31569,2024-09-06 23:11:54.693000,41.88397964278953,-112.20789426388214
H01026,2024-09-06 23:25:41.904720,46.58674063760812,-113.6246155613542
M91570,2024-09-06 23:32:17.407800,41.80389279348819,-112.52050039398688
K21027,2024-09-06 23:36:36.014880,46.87084730599823,-113.76554565393484
Z31372,2024-09-06 23:50:58.758000,36.3864565512807,-87.51765115415711
X41028,2024-09-06 23:58:24.235200,47.14341988302928,-114.33616062049856
Z31373,2024-09-07 00:01:10.752600,36.37904679182975,-87.39318310361645
S41571,2024-09-07 00:02:51.480000,42.35475934578695,-112.82007018389083
Y41029,2024-09-07 00:09:18.345360,47.241224354441,-114.41029742858215
Z11374,2024-09-07 00:11:22.747200,36.62145005903114,-87.15929030563854
R11572,2024-09-07 00:13:02.837400,42.36546861959711,-113.21843975276327
N61030,2024-09-07 00:20:12.455520,46.93231253625245,-114.89540786033362
U51031,2024-09-07 00:42:00.675840,47.17870280108566,-115.27287023285984
V11032,2024-09-07 00:52:54.786000,47.44897555372107,-115.28920857766258
N31033,2024-09-07 01:03:48.896160,47.438220461447536,-115.0912819650498
N11375,2024-09-07 01:12:34.714800,36.17665896378422,-86.68434614331834
U81573,2024-09-07 01:14:10.981800,42.84401903743157,-114.19528384259829
K21034,2024-09-07 01:14:43.006320,47.18029989825954,-115.29446782601582
W21376,2024-09-07 01:22:46.709400,35.58568811168258,-86.09653720994348
K11574,2024-09-07 01:24:22.339200,42.73230350591483,-114.55612032995978
N71035,2024-09-07 01:25:37.116480,47.583174196084194,-115.5574684499606
N41575,2024-09-07 01:34:33.696600,42.78412249987618,-114.82340934276722
W01036,2024-09-07 01:36:31.226640,47.22954323149,-115.5729285109983
J71377,2024-09-07 01:43:10.698600,35.41289995180624,-86.10624469834083
T71037,2024-09-07 01:47:25.336800,47.64479107024518,-115.4471894743488
V01576,2024-09-07 01:54:56.411400,43.151599719554405,-115.0107126766966
V01038,2024-09-07 02:09:13.557120,47.52211781326775,-115.71186945075192
N11378,2024-09-07 02:13:46.682400,35.087350633217355,-85.53716853645044
M21577,2024-09-07 02:25:30.483600,42.783967443390175,-115.48623322679435
U81379,2024-09-07 02:34:10.671600,34.87152783171428,-85.65170167476842
I71039,2024-09-07 02:41:55.887600,47.688193041897605,-115.6638215584129
S61380,2024-09-07 02:44:22.666200,35.06627481460503,-85.48913462679778
Q01040,2024-09-07 03:14:38.218080,47.5959552464093,-115.71746123024892
I31041,2024-09-07 03:25:32.328240,47.263195177590326,-115.98668849358458
P21381,2024-09-07 03:35:22.639200,35.10766462986687,-85.01230315079033
U71578,2024-09-07 03:36:49.985400,43.53337560809726,-116.49092864614116
G81382,2024-09-07 03:55:46.628400,34.69681362321952,-85.0563770616784
Y71383,2024-09-07 04:05:58.623000,34.4560456231312,-84.7930535373711
V21579,2024-09-07 04:07:24.057600,43.87821291241116,-116.85682215455498
M31042,2024-09-07 04:20:02.879040,47.70442661729735,-116.7233111428737
C71384,2024-09-07 04:36:34.606800,34.15963400357536,-84.96322217496544
H11043,2024-09-07 04:41:51.099360,47.4136059677824,-116.73914162220642
M61385,2024-09-07 04:46:46.601400,34.00622204881472,-84.83199628651798
T81044,2024-09-07 05:03:39.319680,47.58565783999191,-116.55602031553056
Z31580,2024-09-07 05:08:32.202000,44.656557223509566,-117.292060122351
M31386,2024-09-07 05:17:22.585200,34.29181350950173,-84.66352103694852
Z61500,2024-09-07 05:18:43.559400,44.8736979250601,-117.73882660456474
Z81501,2024-09-07 05:28:54.916800,44.955982605592204,-117.98621735611748
U91045,2024-09-07 05:36:21.650160,47.83426801241743,-117.16131720017378
L91046,2024-09-07 05:47:15.760320,47.72511735075978,-117.120474910431
C81502,2024-09-07 05:49:17.631600,45.26790398957059,-118.10983863300044
T41503,2024-09-07 06:09:40.346400,45.47215573736238,-117.9541292949304
H61047,2024-09-07 06:19:58.090800,47.33465861536162,-117.974235899307
T01048,2024-09-07 06:30:52.200960,46.94289382201451,-118.5215520186562
S31504,2024-09-07 06:50:25.776000,45.47606193613974,-118.55153783988004
Y21049,2024-09-07 06:52:40.421280,47.06316971501269,-119.4244652762258
H51505,2024-09-07 07:00:37.133400,45.71209914211028,-118.49181340930896
S81050,2024-09-07 07:03:34.531440,47.000680164695694,-119.88080062828732
U81506,2024-09-07 07:31:11.205600,45.49567726818808,-118.75787866949548
K01507,2024-09-07 08:11:56.635200,45.73436555137581,-120.06314223008468
O61508,2024-09-07 09:02:53.422200,45.73238271042429,-121.4141808646035
Y01509,2024-09-07 09:13:04.779600,45.56035179631006,-121.49751883361446
Y51051,2024-09-07 09:47:06.183840,47.45211484040152,-121.64441604285116
F31510,2024-09-07 10:04:01.566600,45.513573368871576,-121.81357761875276
K71511,2024-09-07 10:14:12.924000,45.6164790912842,-122.01954745207742
A91512,2024-09-07 10:24:24.281400,45.46492928240821,-121.88476810690918
P11513,2024-09-07 11:45:55.140600,45.6565526905675,-122.56273994798724
